Titulo do Projeto;ID Issue;ID Pergunta;Titulo;Respondida;Respostas;Data da criação;Link;Tags
tensorflow/tensorflow;1;38009682;How to tell if tensorflow is using gpu acceleration from inside python shell?;True;27;2016-06-24 06:14:23;https://stackoverflow.com/questions/38009682/how-to-tell-if-tensorflow-is-using-gpu-acceleration-from-inside-python-shell;python, tensorflow, ubuntu, gpu;
tensorflow/tensorflow;1;41293077;How to compile Tensorflow with SSE4.2 and AVX instructions?;True;12;2016-12-22 20:21:14;https://stackoverflow.com/questions/41293077/how-to-compile-tensorflow-with-sse4-2-and-avx-instructions;tensorflow, x86, compiler-optimization, simd, compiler-options;
tensorflow/tensorflow;1;35911252;Disable Tensorflow debugging information;True;13;2016-03-10 05:32:58;https://stackoverflow.com/questions/35911252/disable-tensorflow-debugging-information;python, tensorflow;
tensorflow/tensorflow;1;38559755;How to get current available GPUs in tensorflow?;True;11;2016-07-25 01:30:38;https://stackoverflow.com/questions/38559755/how-to-get-current-available-gpus-in-tensorflow;python, gpu, tensorflow;
tensorflow/tensorflow;1;58441514;Why is TensorFlow 2 much slower than TensorFlow 1?;True;2;2019-10-17 19:28:33;https://stackoverflow.com/questions/58441514/why-is-tensorflow-2-much-slower-than-tensorflow-1;python, tensorflow, keras, performance-testing, tensorflow2.0;
tensorflow/tensorflow;1;34619177;What does tf.nn.conv2d do in tensorflow?;True;6;2016-01-05 15:51:56;https://stackoverflow.com/questions/34619177/what-does-tf-nn-conv2d-do-in-tensorflow;neural-network, tensorflow;
tensorflow/tensorflow;1;33932901;What&#39;s the purpose of tf.app.flags in TensorFlow?;True;5;2015-11-26 04:34:17;https://stackoverflow.com/questions/33932901/whats-the-purpose-of-tf-app-flags-in-tensorflow;python, tensorflow;
tensorflow/tensorflow;1;55142951;Tensorflow 2.0 - AttributeError: module &#39;tensorflow&#39; has no attribute &#39;Session&#39;;True;10;2019-03-13 10:23:19;https://stackoverflow.com/questions/55142951/tensorflow-2-0-attributeerror-module-tensorflow-has-no-attribute-session;python, tensorflow, keras, tensorflow2.0;
tensorflow/tensorflow;1;45682010;docker : invalid reference format;True;7;2017-08-14 16:49:10;https://stackoverflow.com/questions/45682010/docker-invalid-reference-format;docker;
tensorflow/tensorflow;1;40666316;How to get Tensorflow tensor dimensions (shape) as int values?;True;6;2016-11-17 19:37:28;https://stackoverflow.com/questions/40666316/how-to-get-tensorflow-tensor-dimensions-shape-as-int-values;python, tensorflow, machine-learning, artificial-intelligence;
tensorflow/tensorflow;1;41166681;What does global_step mean in Tensorflow?;True;4;2016-12-15 11:32:18;https://stackoverflow.com/questions/41166681/what-does-global-step-mean-in-tensorflow;tensorflow, deep-learning;
tensorflow/tensorflow;1;51912999;Could not install packages due to an EnvironmentError: [WinError 5] Access is denied:;True;26;2018-08-18 19:26:06;https://stackoverflow.com/questions/51912999/could-not-install-packages-due-to-an-environmenterror-winerror-5-access-is-de;tensorflow;
tensorflow/tensorflow;1;37091899;How to *actually* read CSV data in TensorFlow?;True;5;2016-05-07 14:57:38;https://stackoverflow.com/questions/37091899/how-to-actually-read-csv-data-in-tensorflow;python, csv, tensorflow;
tensorflow/tensorflow;1;42244198;ImportError: No module named tensorflow;True;18;2017-02-15 05:30:59;https://stackoverflow.com/questions/42244198/importerror-no-module-named-tensorflow;python, module, installation, tensorflow, pip;
tensorflow/tensorflow;1;34220532;How to assign a value to a TensorFlow variable?;True;9;2015-12-11 06:51:46;https://stackoverflow.com/questions/34220532/how-to-assign-a-value-to-a-tensorflow-variable;python, tensorflow, neural-network, deep-learning, variable-assignment;
tensorflow/tensorflow;1;36162180;Gradient Descent vs Adagrad vs Momentum in TensorFlow;True;3;2016-03-22 15:16:38;https://stackoverflow.com/questions/36162180/gradient-descent-vs-adagrad-vs-momentum-in-tensorflow;tensorflow, deep-learning;
tensorflow/tensorflow;1;37337728;TensorFlow: InternalError: Blas SGEMM launch failed;True;16;2016-05-20 01:00:45;https://stackoverflow.com/questions/37337728/tensorflow-internalerror-blas-sgemm-launch-failed;tensorflow, blas;
tensorflow/tensorflow;1;34001922;FailedPreconditionError: Attempting to use uninitialized in Tensorflow;True;11;2015-11-30 11:41:20;https://stackoverflow.com/questions/34001922/failedpreconditionerror-attempting-to-use-uninitialized-in-tensorflow;python, pandas, classification, tensorflow;
tensorflow/tensorflow;1;38286717;TensorFlow - regularization with L2 loss, how to apply to all weights, not just last one?;True;3;2016-07-09 19:00:33;https://stackoverflow.com/questions/38286717/tensorflow-regularization-with-l2-loss-how-to-apply-to-all-weights-not-just;machine-learning, neural-network, tensorflow, deep-learning, regularized;
tensorflow/tensorflow;1;35336648;List of tensor names in graph in Tensorflow;True;6;2016-02-11 07:24:57;https://stackoverflow.com/questions/35336648/list-of-tensor-names-in-graph-in-tensorflow;python, tensorflow;
tensorflow/tensorflow;1;44544766;How do I check if keras is using gpu version of tensorflow?;True;3;2017-06-14 09:25:46;https://stackoverflow.com/questions/44544766/how-do-i-check-if-keras-is-using-gpu-version-of-tensorflow;python, tensorflow, neural-network, keras;
tensorflow/tensorflow;1;39921607;How to make a custom activation function with only Python in Tensorflow?;True;2;2016-10-07 13:08:19;https://stackoverflow.com/questions/39921607/how-to-make-a-custom-activation-function-with-only-python-in-tensorflow;python, tensorflow, neural-network, deep-learning, activation-function;
tensorflow/tensorflow;1;47220595;Why the 6 in relu6?;True;3;2017-11-10 07:25:06;https://stackoverflow.com/questions/47220595/why-the-6-in-relu6;tensorflow;
tensorflow/tensorflow;1;38810424;How does one debug NaN values in TensorFlow?;True;9;2016-08-06 23:47:03;https://stackoverflow.com/questions/38810424/how-does-one-debug-nan-values-in-tensorflow;python, machine-learning, neural-network, tensorflow, conv-neural-network;
tensorflow/tensorflow;1;47262955;How to import keras from tf.keras in Tensorflow?;True;8;2017-11-13 08:11:11;https://stackoverflow.com/questions/47262955/how-to-import-keras-from-tf-keras-in-tensorflow;python, tensorflow, deep-learning, keras;
tensorflow/tensorflow;1;41651628;Negative dimension size caused by subtracting 3 from 1 for &#39;Conv2D&#39;;True;8;2017-01-14 12:27:53;https://stackoverflow.com/questions/41651628/negative-dimension-size-caused-by-subtracting-3-from-1-for-conv2d;python, tensorflow, keras;
tensorflow/tensorflow;1;42317075;Tensorflow r1.0 : could not a find a version that satisfies the requirement tensorflow;True;10;2017-02-18 12:28:43;https://stackoverflow.com/questions/42317075/tensorflow-r1-0-could-not-a-find-a-version-that-satisfies-the-requirement-tens;python, windows, tensorflow, installation;
tensorflow/tensorflow;1;46135499;How to Properly Combine TensorFlow&#39;s Dataset API and Keras?;True;6;2017-09-09 19:02:40;https://stackoverflow.com/questions/46135499/how-to-properly-combine-tensorflows-dataset-api-and-keras;tensorflow, keras;
tensorflow/tensorflow;1;57381430;&quot;synonym of type is deprecated; in a future version of numpy, it will be understood as (type, (1,)) / &#39;(1,)type&#39;.&quot; problem in TensorFlow;True;7;2019-08-06 14:43:46;https://stackoverflow.com/questions/57381430/synonym-of-type-is-deprecated-in-a-future-version-of-numpy-it-will-be-underst;python, python-3.x, numpy, tensorflow, artificial-intelligence;
tensorflow/tensorflow;1;46291253;What is the difference between a sigmoid followed by the cross entropy and sigmoid_cross_entropy_with_logits in TensorFlow?;True;1;2017-09-19 00:23:43;https://stackoverflow.com/questions/46291253/what-is-the-difference-between-a-sigmoid-followed-by-the-cross-entropy-and-sigmo;machine-learning, tensorflow, classification, cross-entropy, sigmoid;
tensorflow/tensorflow;2;34199233;How to prevent tensorflow from allocating the totality of a GPU memory?;True;16;2015-12-10 07:19:51;https://stackoverflow.com/questions/34199233/how-to-prevent-tensorflow-from-allocating-the-totality-of-a-gpu-memory;python, tensorflow, tensorflow2.0, tensorflow2.x, nvidia-titan;
tensorflow/tensorflow;2;35911252;Disable Tensorflow debugging information;True;13;2016-03-10 05:32:58;https://stackoverflow.com/questions/35911252/disable-tensorflow-debugging-information;python, tensorflow;
tensorflow/tensorflow;2;58441514;Why is TensorFlow 2 much slower than TensorFlow 1?;True;2;2019-10-17 19:28:33;https://stackoverflow.com/questions/58441514/why-is-tensorflow-2-much-slower-than-tensorflow-1;python, tensorflow, keras, performance-testing, tensorflow2.0;
tensorflow/tensorflow;2;34619177;What does tf.nn.conv2d do in tensorflow?;True;6;2016-01-05 15:51:56;https://stackoverflow.com/questions/34619177/what-does-tf-nn-conv2d-do-in-tensorflow;neural-network, tensorflow;
tensorflow/tensorflow;2;33932901;What&#39;s the purpose of tf.app.flags in TensorFlow?;True;5;2015-11-26 04:34:17;https://stackoverflow.com/questions/33932901/whats-the-purpose-of-tf-app-flags-in-tensorflow;python, tensorflow;
tensorflow/tensorflow;2;45682010;docker : invalid reference format;True;7;2017-08-14 16:49:10;https://stackoverflow.com/questions/45682010/docker-invalid-reference-format;docker;
tensorflow/tensorflow;2;40666316;How to get Tensorflow tensor dimensions (shape) as int values?;True;6;2016-11-17 19:37:28;https://stackoverflow.com/questions/40666316/how-to-get-tensorflow-tensor-dimensions-shape-as-int-values;python, tensorflow, machine-learning, artificial-intelligence;
tensorflow/tensorflow;2;51912999;Could not install packages due to an EnvironmentError: [WinError 5] Access is denied:;True;26;2018-08-18 19:26:06;https://stackoverflow.com/questions/51912999/could-not-install-packages-due-to-an-environmenterror-winerror-5-access-is-de;tensorflow;
tensorflow/tensorflow;2;37091899;How to *actually* read CSV data in TensorFlow?;True;5;2016-05-07 14:57:38;https://stackoverflow.com/questions/37091899/how-to-actually-read-csv-data-in-tensorflow;python, csv, tensorflow;
tensorflow/tensorflow;2;42244198;ImportError: No module named tensorflow;True;18;2017-02-15 05:30:59;https://stackoverflow.com/questions/42244198/importerror-no-module-named-tensorflow;python, module, installation, tensorflow, pip;
tensorflow/tensorflow;2;42217059;tensorflow:AttributeError: &#39;module&#39; object has no attribute &#39;mul&#39;;True;4;2017-02-13 23:52:26;https://stackoverflow.com/questions/42217059/tensorflowattributeerror-module-object-has-no-attribute-mul;python, tensorflow;
tensorflow/tensorflow;2;36162180;Gradient Descent vs Adagrad vs Momentum in TensorFlow;True;3;2016-03-22 15:16:38;https://stackoverflow.com/questions/36162180/gradient-descent-vs-adagrad-vs-momentum-in-tensorflow;tensorflow, deep-learning;
tensorflow/tensorflow;2;37337728;TensorFlow: InternalError: Blas SGEMM launch failed;True;16;2016-05-20 01:00:45;https://stackoverflow.com/questions/37337728/tensorflow-internalerror-blas-sgemm-launch-failed;tensorflow, blas;
tensorflow/tensorflow;2;36193553;Get the value of some weights in a model trained by TensorFlow;True;3;2016-03-24 01:58:58;https://stackoverflow.com/questions/36193553/get-the-value-of-some-weights-in-a-model-trained-by-tensorflow;tensorflow;
tensorflow/tensorflow;2;35151207;How to interpret Poolallocator messages in tensorflow?;True;2;2016-02-02 07:42:45;https://stackoverflow.com/questions/35151207/how-to-interpret-poolallocator-messages-in-tensorflow;machine-learning, tensorflow;
tensorflow/tensorflow;2;39921607;How to make a custom activation function with only Python in Tensorflow?;True;2;2016-10-07 13:08:19;https://stackoverflow.com/questions/39921607/how-to-make-a-custom-activation-function-with-only-python-in-tensorflow;python, tensorflow, neural-network, deep-learning, activation-function;
tensorflow/tensorflow;2;37383812;TensorFlow, &quot;&#39;module&#39; object has no attribute &#39;placeholder&#39;&quot;;True;20;2016-05-23 03:20:20;https://stackoverflow.com/questions/37383812/tensorflow-module-object-has-no-attribute-placeholder;python, machine-learning, tensorflow;
tensorflow/tensorflow;2;38810424;How does one debug NaN values in TensorFlow?;True;9;2016-08-06 23:47:03;https://stackoverflow.com/questions/38810424/how-does-one-debug-nan-values-in-tensorflow;python, machine-learning, neural-network, tensorflow, conv-neural-network;
tensorflow/tensorflow;2;46135499;How to Properly Combine TensorFlow&#39;s Dataset API and Keras?;True;6;2017-09-09 19:02:40;https://stackoverflow.com/questions/46135499/how-to-properly-combine-tensorflows-dataset-api-and-keras;tensorflow, keras;
tensorflow/tensorflow;2;41651628;Negative dimension size caused by subtracting 3 from 1 for &#39;Conv2D&#39;;True;8;2017-01-14 12:27:53;https://stackoverflow.com/questions/41651628/negative-dimension-size-caused-by-subtracting-3-from-1-for-conv2d;python, tensorflow, keras;
tensorflow/tensorflow;2;42326748;tensorflow on GPU: no known devices, despite cuda&#39;s deviceQuery returning a &quot;PASS&quot; result;True;6;2017-02-19 08:36:37;https://stackoverflow.com/questions/42326748/tensorflow-on-gpu-no-known-devices-despite-cudas-devicequery-returning-a-pas;tensorflow;
tensorflow/tensorflow;2;41124353;ImportError: Could not import the Python Imaging Library (PIL) required to load image files on tensorflow;True;5;2016-12-13 12:07:15;https://stackoverflow.com/questions/41124353/importerror-could-not-import-the-python-imaging-library-pil-required-to-load;python, python-2.7, tensorflow, python-imaging-library, pillow;
tensorflow/tensorflow;2;34972142;sklearn Logistic Regression &quot;ValueError: Found array with dim 3. Estimator expected &lt;= 2.&quot;;True;2;2016-01-24 01:13:32;https://stackoverflow.com/questions/34972142/sklearn-logistic-regression-valueerror-found-array-with-dim-3-estimator-expec;python, scikit-learn, logistic-regression;
tensorflow/tensorflow;2;38342651;Faster RCNN for TensorFlow;True;1;2016-07-13 01:23:25;https://stackoverflow.com/questions/38342651/faster-rcnn-for-tensorflow;tensorflow, detection, caffe, pycaffe;
tensorflow/tensorflow;2;40430186;TensorFlow ValueError: Cannot feed value of shape (64, 64, 3) for Tensor u&#39;Placeholder:0&#39;, which has shape &#39;(?, 64, 64, 3)&#39;;True;2;2016-11-04 16:10:36;https://stackoverflow.com/questions/40430186/tensorflow-valueerror-cannot-feed-value-of-shape-64-64-3-for-tensor-uplace;python, numpy, tensorflow, deep-learning;
tensorflow/tensorflow;2;40879504;How to apply Drop Out in Tensorflow to improve the accuracy of neural network?;True;2;2016-11-30 00:00:39;https://stackoverflow.com/questions/40879504/how-to-apply-drop-out-in-tensorflow-to-improve-the-accuracy-of-neural-network;neural-network, tensorflow, deep-learning;
tensorflow/tensorflow;2;39890147;Keras uses way too much GPU memory when calling train_on_batch, fit, etc;True;3;2016-10-06 04:34:16;https://stackoverflow.com/questions/39890147/keras-uses-way-too-much-gpu-memory-when-calling-train-on-batch-fit-etc;memory, tensorflow, keras, theano;
tensorflow/tensorflow;2;36927607;How can I solve &#39;ran out of gpu memory&#39; in TensorFlow;True;7;2016-04-28 21:28:24;https://stackoverflow.com/questions/36927607/how-can-i-solve-ran-out-of-gpu-memory-in-tensorflow;tensorflow;
tensorflow/tensorflow;2;56460901;Keras difference between generator and sequence;True;2;2019-06-05 09:53:48;https://stackoverflow.com/questions/56460901/keras-difference-between-generator-and-sequence;python, tensorflow, keras, generator;
tensorflow/tensorflow;2;36584907;Tensor flow toggle between CPU/GPU;True;5;2016-04-12 19:06:22;https://stackoverflow.com/questions/36584907/tensor-flow-toggle-between-cpu-gpu;tensorflow;
tensorflow/tensorflow;3;34199233;How to prevent tensorflow from allocating the totality of a GPU memory?;True;16;2015-12-10 07:19:51;https://stackoverflow.com/questions/34199233/how-to-prevent-tensorflow-from-allocating-the-totality-of-a-gpu-memory;python, tensorflow, tensorflow2.0, tensorflow2.x, nvidia-titan;
tensorflow/tensorflow;3;34619177;What does tf.nn.conv2d do in tensorflow?;True;6;2016-01-05 15:51:56;https://stackoverflow.com/questions/34619177/what-does-tf-nn-conv2d-do-in-tensorflow;neural-network, tensorflow;
tensorflow/tensorflow;3;41265035;TensorFlow, why there are 3 files after saving the model?;True;4;2016-12-21 11:23:58;https://stackoverflow.com/questions/41265035/tensorflow-why-there-are-3-files-after-saving-the-model;tensorflow;
tensorflow/tensorflow;3;40666316;How to get Tensorflow tensor dimensions (shape) as int values?;True;6;2016-11-17 19:37:28;https://stackoverflow.com/questions/40666316/how-to-get-tensorflow-tensor-dimensions-shape-as-int-values;python, tensorflow, machine-learning, artificial-intelligence;
tensorflow/tensorflow;3;37091899;How to *actually* read CSV data in TensorFlow?;True;5;2016-05-07 14:57:38;https://stackoverflow.com/questions/37091899/how-to-actually-read-csv-data-in-tensorflow;python, csv, tensorflow;
tensorflow/tensorflow;3;42217059;tensorflow:AttributeError: &#39;module&#39; object has no attribute &#39;mul&#39;;True;4;2017-02-13 23:52:26;https://stackoverflow.com/questions/42217059/tensorflowattributeerror-module-object-has-no-attribute-mul;python, tensorflow;
tensorflow/tensorflow;3;37337728;TensorFlow: InternalError: Blas SGEMM launch failed;True;16;2016-05-20 01:00:45;https://stackoverflow.com/questions/37337728/tensorflow-internalerror-blas-sgemm-launch-failed;tensorflow, blas;
tensorflow/tensorflow;3;46135499;How to Properly Combine TensorFlow&#39;s Dataset API and Keras?;True;6;2017-09-09 19:02:40;https://stackoverflow.com/questions/46135499/how-to-properly-combine-tensorflows-dataset-api-and-keras;tensorflow, keras;
tensorflow/tensorflow;3;41651628;Negative dimension size caused by subtracting 3 from 1 for &#39;Conv2D&#39;;True;8;2017-01-14 12:27:53;https://stackoverflow.com/questions/41651628/negative-dimension-size-caused-by-subtracting-3-from-1-for-conv2d;python, tensorflow, keras;
tensorflow/tensorflow;3;34972142;sklearn Logistic Regression &quot;ValueError: Found array with dim 3. Estimator expected &lt;= 2.&quot;;True;2;2016-01-24 01:13:32;https://stackoverflow.com/questions/34972142/sklearn-logistic-regression-valueerror-found-array-with-dim-3-estimator-expec;python, scikit-learn, logistic-regression;
tensorflow/tensorflow;3;40430186;TensorFlow ValueError: Cannot feed value of shape (64, 64, 3) for Tensor u&#39;Placeholder:0&#39;, which has shape &#39;(?, 64, 64, 3)&#39;;True;2;2016-11-04 16:10:36;https://stackoverflow.com/questions/40430186/tensorflow-valueerror-cannot-feed-value-of-shape-64-64-3-for-tensor-uplace;python, numpy, tensorflow, deep-learning;
tensorflow/tensorflow;3;48428415;ImportError: libcublas.so.9.0: cannot open shared object file;True;11;2018-01-24 14:30:16;https://stackoverflow.com/questions/48428415/importerror-libcublas-so-9-0-cannot-open-shared-object-file;python-3.x, tensorflow, cuda, keras;
tensorflow/tensorflow;3;43833081;AttributeError: &#39;module&#39; object has no attribute &#39;computation&#39;;True;5;2017-05-07 12:07:57;https://stackoverflow.com/questions/43833081/attributeerror-module-object-has-no-attribute-computation;python, python-2.7, import, module, keras;
tensorflow/tensorflow;3;53698035;Failed to get convolution algorithm. This is probably because cuDNN failed to initialize,;True;24;2018-12-09 21:19:00;https://stackoverflow.com/questions/53698035/failed-to-get-convolution-algorithm-this-is-probably-because-cudnn-failed-to-in;python, tensorflow, keras, cudnn;
tensorflow/tensorflow;3;61922334;How to solve &quot;AttributeError: module &#39;google.protobuf.descriptor&#39; has no attribute &#39;_internal_create_key&quot;?;True;4;2020-05-20 17:28:10;https://stackoverflow.com/questions/61922334/how-to-solve-attributeerror-module-google-protobuf-descriptor-has-no-attribu;python, tensorflow, protocol-buffers, object-detection-api, proto;
tensorflow/tensorflow;3;52943489;what is XLA_GPU and XLA_CPU for tensorflow;True;1;2018-10-23 04:32:41;https://stackoverflow.com/questions/52943489/what-is-xla-gpu-and-xla-cpu-for-tensorflow;python, tensorflow, gpu;
tensorflow/tensorflow;3;47157692;How does reduce_sum() work in tensorflow?;True;6;2017-11-07 09:12:19;https://stackoverflow.com/questions/47157692/how-does-reduce-sum-work-in-tensorflow;python, tensorflow, multidimensional-array, reduce, tensor;
tensorflow/tensorflow;3;46066850;Understanding the ResourceExhaustedError: OOM when allocating tensor with shape;True;5;2017-09-06 01:35:47;https://stackoverflow.com/questions/46066850/understanding-the-resourceexhaustederror-oom-when-allocating-tensor-with-shape;tensorflow, tensorflow-gpu;
tensorflow/tensorflow;3;35955144;Working with multiple graphs in TensorFlow;True;6;2016-03-12 04:50:29;https://stackoverflow.com/questions/35955144/working-with-multiple-graphs-in-tensorflow;tensorflow;
tensorflow/tensorflow;3;33648322;Tensorflow image reading &amp; display;True;8;2015-11-11 07:09:45;https://stackoverflow.com/questions/33648322/tensorflow-image-reading-display;python, tensorflow;
tensorflow/tensorflow;3;44829085;Tensorflow not running on GPU;True;3;2017-06-29 12:17:16;https://stackoverflow.com/questions/44829085/tensorflow-not-running-on-gpu;tensorflow, keras, nvidia, cudnn;
tensorflow/tensorflow;3;41482913;&#39;module&#39; object has no attribute &#39;SummaryWriter&#39;;True;4;2017-01-05 07:43:17;https://stackoverflow.com/questions/41482913/module-object-has-no-attribute-summarywriter;python, python-2.7, tensorflow;
tensorflow/tensorflow;3;38399609;tensorflow deep neural network for regression always predict same results in one batch;True;2;2016-07-15 12:14:08;https://stackoverflow.com/questions/38399609/tensorflow-deep-neural-network-for-regression-always-predict-same-results-in-one;python, neural-network, regression, tensorflow;
tensorflow/tensorflow;3;35451948;Clarification on tf.Tensor.set_shape();True;1;2016-02-17 05:57:43;https://stackoverflow.com/questions/35451948/clarification-on-tf-tensor-set-shape;tensorflow;
tensorflow/tensorflow;3;33720645;Why is this TensorFlow implementation vastly less successful than Matlab&#39;s NN?;True;2;2015-11-15 11:12:06;https://stackoverflow.com/questions/33720645/why-is-this-tensorflow-implementation-vastly-less-successful-than-matlabs-nn;python, matlab, neural-network, tensorflow;
tensorflow/tensorflow;3;44744737;tensorflow Mac OS gpu support;True;4;2017-06-25 05:50:10;https://stackoverflow.com/questions/44744737/tensorflow-mac-os-gpu-support;macos, tensorflow, tensorflow-gpu;
tensorflow/tensorflow;3;41813665;Tensorflow Slim: TypeError: Expected int32, got list containing Tensors of type &#39;_Message&#39; instead;True;4;2017-01-23 15:58:11;https://stackoverflow.com/questions/41813665/tensorflow-slim-typeerror-expected-int32-got-list-containing-tensors-of-type;python, machine-learning, tensorflow, computer-vision, deep-learning;
tensorflow/tensorflow;3;47057361;How do I mask a loss function in Keras with the TensorFlow backend?;True;2;2017-11-01 11:37:46;https://stackoverflow.com/questions/47057361/how-do-i-mask-a-loss-function-in-keras-with-the-tensorflow-backend;keras, lstm, masking, loss-function;
tensorflow/tensorflow;3;49083984;ValueError: Can not squeeze dim[1], expected a dimension of 1, got 3 for &#39;sparse_softmax_cross_entropy_loss;True;5;2018-03-03 09:14:42;https://stackoverflow.com/questions/49083984/valueerror-can-not-squeeze-dim1-expected-a-dimension-of-1-got-3-for-sparse;python, tensorflow;
tensorflow/tensorflow;3;46663013;What is y_true and y_pred when creating a custom metric in Keras?;True;3;2017-10-10 06:18:40;https://stackoverflow.com/questions/46663013/what-is-y-true-and-y-pred-when-creating-a-custom-metric-in-keras;tensorflow, keras;
keras-team/keras;3;49524396;Keras ConvLSTM2D: ValueError on output layer;True;1;2018-03-27 21:41:45;https://stackoverflow.com/questions/49524396/keras-convlstm2d-valueerror-on-output-layer;python, tensorflow, keras, conv-neural-network, lstm;
keras-team/keras;3;54751574;understanding output shape of keras Conv2DTranspose;True;2;2019-02-18 13:29:40;https://stackoverflow.com/questions/54751574/understanding-output-shape-of-keras-conv2dtranspose;keras, layer, shapes;
keras-team/keras;3;51652690;ImportError: cannot import name normalize_data_format;True;7;2018-08-02 08:38:22;https://stackoverflow.com/questions/51652690/importerror-cannot-import-name-normalize-data-format;python, tensorflow, github, keras, importerror;
keras-team/keras;3;48320171;Create a custom regularizer on weights of 2 layers;False;0;2018-01-18 08:24:44;https://stackoverflow.com/questions/48320171/create-a-custom-regularizer-on-weights-of-2-layers;keras, regularized;
keras-team/keras;3;50468940;Tensorflow 1.8, tf.keras gives different result in DCGAN from Keras;False;0;2018-05-22 10:27:18;https://stackoverflow.com/questions/50468940/tensorflow-1-8-tf-keras-gives-different-result-in-dcgan-from-keras;tensorflow, keras;
keras-team/keras;3;56073362;How to create an autoencoder where each layer of encoder should represent the same as a layer of the decoder;True;1;2019-05-10 05:13:16;https://stackoverflow.com/questions/56073362/how-to-create-an-autoencoder-where-each-layer-of-encoder-should-represent-the-sa;keras, autoencoder, regularized;
keras-team/keras;3;57340341;Keras error when trying to replicate Python results;True;1;2019-08-03 13:48:37;https://stackoverflow.com/questions/57340341/keras-error-when-trying-to-replicate-python-results;python, r, keras;
keras-team/keras;3;58311682;How to concatenate embeddings with variable length inputs in Keras?;True;1;2019-10-09 17:18:40;https://stackoverflow.com/questions/58311682/how-to-concatenate-embeddings-with-variable-length-inputs-in-keras;machine-learning, keras, neural-network, deep-learning, embedding;
keras-team/keras;3;58882929;Fine-Tune Universal Sentence Encoder Large with TF2;True;1;2019-11-15 15:42:29;https://stackoverflow.com/questions/58882929/fine-tune-universal-sentence-encoder-large-with-tf2;tensorflow2.0;
keras-team/keras;3;60598421;tf.Keras custom layer output shape is None;True;1;2020-03-09 07:14:37;https://stackoverflow.com/questions/60598421/tf-keras-custom-layer-output-shape-is-none;tensorflow, keras;
keras-team/keras;3;60634839;Using tf.hub.KerasLayer in TF 2.1 Functional API throws ValueError: Python inputs incompatible with input_signature:;True;1;2020-03-11 08:20:24;https://stackoverflow.com/questions/60634839/using-tf-hub-keraslayer-in-tf-2-1-functional-api-throws-valueerror-python-input;python, tensorflow, tensorflow-hub, tensorflow2.x;
keras-team/keras;3;63414587;ValueError: Shapes must be equal rank, but are 1 and 0 From merging shape 1 with other shapes. for &#39;loss/AddN&#39;;False;1;2020-08-14 11:20:13;https://stackoverflow.com/questions/63414587/valueerror-shapes-must-be-equal-rank-but-are-1-and-0-from-merging-shape-1-with;python, tensorflow, keras, autoencoder, loss-function;
keras-team/keras;3;48069947;How embeddings_initializer of Embeddings instance in keras is set;True;1;2018-01-02 22:12:59;https://stackoverflow.com/questions/48069947/how-embeddings-initializer-of-embeddings-instance-in-keras-is-set;keras;
keras-team/keras;3;50289628;Use keras in multiprocessing;True;2;2018-05-11 06:51:31;https://stackoverflow.com/questions/50289628/use-keras-in-multiprocessing;python, tensorflow, keras, multiprocessing;
keras-team/keras;3;51945823;Adding multiple hidden layers keras;True;1;2018-08-21 06:40:35;https://stackoverflow.com/questions/51945823/adding-multiple-hidden-layers-keras;python-3.x, keras, nlp, deep-learning, sentiment-analysis;
keras-team/keras;3;53613984;RNNCell with output and state of different sizes;False;0;2018-12-04 10:22:46;https://stackoverflow.com/questions/53613984/rnncell-with-output-and-state-of-different-sizes;python, tensorflow, keras;
keras-team/keras;3;53809944;Keras Functional API Multiple Input Model;False;2;2018-12-17 03:28:11;https://stackoverflow.com/questions/53809944/keras-functional-api-multiple-input-model;python, keras, keras-layer, flatten, batch-normalization;
keras-team/keras;3;54101593;Conditional Batch Normalization in Keras;True;1;2019-01-08 21:15:46;https://stackoverflow.com/questions/54101593/conditional-batch-normalization-in-keras;python, tensorflow, machine-learning, keras, keras-layer;
keras-team/keras;3;55185945;Any conda or pip operation give SSL Error in windows 10;True;1;2019-03-15 12:30:12;https://stackoverflow.com/questions/55185945/any-conda-or-pip-operation-give-ssl-error-in-windows-10;python, anaconda, conda;
keras-team/keras;3;57557438;ValueError: Output tensors to a Model must be the output of a Keras `Layer` when creating ensemble of pre-trained model;True;2;2019-08-19 10:10:23;https://stackoverflow.com/questions/57557438/valueerror-output-tensors-to-a-model-must-be-the-output-of-a-keras-layer-when;python-3.x, tensorflow, keras;
keras-team/keras;3;58933151;as_list() is not defined on an unknown TensorShape;True;1;2019-11-19 08:33:25;https://stackoverflow.com/questions/58933151/as-list-is-not-defined-on-an-unknown-tensorshape;python, tensorflow, machine-learning, tensorflow-datasets, tfrecord;
keras-team/keras;3;59520807;Multi-class weighted loss for semantic image segmentation in keras/tensorflow;True;3;2019-12-29 12:40:16;https://stackoverflow.com/questions/59520807/multi-class-weighted-loss-for-semantic-image-segmentation-in-keras-tensorflow;tensorflow, keras, deep-learning, semantic-segmentation;
keras-team/keras;3;59791364;keras Conv2d value error: Negative dimension size;True;1;2020-01-17 13:31:06;https://stackoverflow.com/questions/59791364/keras-conv2d-value-error-negative-dimension-size;tensorflow, keras, keras-layer, tf.keras;
keras-team/keras;3;61292187;Keras functional model produces subclassing error;True;1;2020-04-18 13:04:43;https://stackoverflow.com/questions/61292187/keras-functional-model-produces-subclassing-error;python, keras, neural-network, tensorflow2.x;
keras-team/keras;3;61493605;Keras model containing EfficientNet submodel can&#39;t load_weights; VGG works fine;False;1;2020-04-29 00:13:58;https://stackoverflow.com/questions/61493605/keras-model-containing-efficientnet-submodel-cant-load-weights-vgg-works-fine;python, tensorflow, keras, valueerror, efficientnet;
keras-team/keras;3;61551592;Tensorflow fails to create Autograph out a working piece of code;True;1;2020-05-01 19:11:44;https://stackoverflow.com/questions/61551592/tensorflow-fails-to-create-autograph-out-a-working-piece-of-code;python-3.x, tensorflow, deep-learning, tensorflow2.0, tensorflow-layers;
keras-team/keras;3;62554299;Tensorflow 2.0: Pre-processing input data generated from ImageDataGenerator before putting to model.fit_generator;False;0;2020-06-24 08:45:26;https://stackoverflow.com/questions/62554299/tensorflow-2-0-pre-processing-input-data-generated-from-imagedatagenerator-befo;python, tensorflow, keras;
keras-team/keras;3;62617039;Output shape of keras.layers.Embedding;True;1;2020-06-27 21:51:23;https://stackoverflow.com/questions/62617039/output-shape-of-keras-layers-embedding;python, keras, keras-layer, flatten;
keras-team/keras;3;50513505;How to manipulate (constrain) the weights of the filter kernel in Conv2D in Keras?;True;1;2018-05-24 12:52:45;https://stackoverflow.com/questions/50513505/how-to-manipulate-constrain-the-weights-of-the-filter-kernel-in-conv2d-in-kera;python, tensorflow, filter, keras, constraints;
keras-team/keras;3;51692071;Data Augmentation hurts accuracy Keras;False;1;2018-08-05 03:52:06;https://stackoverflow.com/questions/51692071/data-augmentation-hurts-accuracy-keras;keras, deep-learning, transfer-learning, data-augmentation;
keras-team/keras;4;51652690;ImportError: cannot import name normalize_data_format;True;7;2018-08-02 08:38:22;https://stackoverflow.com/questions/51652690/importerror-cannot-import-name-normalize-data-format;python, tensorflow, github, keras, importerror;
keras-team/keras;4;60634289;Matix Exponential Layer (Custom: Keras in R);False;0;2020-03-11 07:49:54;https://stackoverflow.com/questions/60634289/matix-exponential-layer-custom-keras-in-r;r, tensorflow, keras, keras-layer;
keras-team/keras;4;58882929;Fine-Tune Universal Sentence Encoder Large with TF2;True;1;2019-11-15 15:42:29;https://stackoverflow.com/questions/58882929/fine-tune-universal-sentence-encoder-large-with-tf2;tensorflow2.0;
keras-team/keras;4;60634839;Using tf.hub.KerasLayer in TF 2.1 Functional API throws ValueError: Python inputs incompatible with input_signature:;True;1;2020-03-11 08:20:24;https://stackoverflow.com/questions/60634839/using-tf-hub-keraslayer-in-tf-2-1-functional-api-throws-valueerror-python-input;python, tensorflow, tensorflow-hub, tensorflow2.x;
keras-team/keras;4;56073362;How to create an autoencoder where each layer of encoder should represent the same as a layer of the decoder;True;1;2019-05-10 05:13:16;https://stackoverflow.com/questions/56073362/how-to-create-an-autoencoder-where-each-layer-of-encoder-should-represent-the-sa;keras, autoencoder, regularized;
keras-team/keras;4;54593663;Keras multi input model loss plummets, doesn&#39;t train;True;2;2019-02-08 10:39:45;https://stackoverflow.com/questions/54593663/keras-multi-input-model-loss-plummets-doesnt-train;python, keras;
keras-team/keras;4;48519317;CTC Loss not decreasing in Keras;False;0;2018-01-30 07:36:18;https://stackoverflow.com/questions/48519317/ctc-loss-not-decreasing-in-keras;python, deep-learning, keras, handwriting-recognition;
keras-team/keras;4;62617039;Output shape of keras.layers.Embedding;True;1;2020-06-27 21:51:23;https://stackoverflow.com/questions/62617039/output-shape-of-keras-layers-embedding;python, keras, keras-layer, flatten;
keras-team/keras;4;55185945;Any conda or pip operation give SSL Error in windows 10;True;1;2019-03-15 12:30:12;https://stackoverflow.com/questions/55185945/any-conda-or-pip-operation-give-ssl-error-in-windows-10;python, anaconda, conda;
keras-team/keras;4;61292187;Keras functional model produces subclassing error;True;1;2020-04-18 13:04:43;https://stackoverflow.com/questions/61292187/keras-functional-model-produces-subclassing-error;python, keras, neural-network, tensorflow2.x;
keras-team/keras;4;61551592;Tensorflow fails to create Autograph out a working piece of code;True;1;2020-05-01 19:11:44;https://stackoverflow.com/questions/61551592/tensorflow-fails-to-create-autograph-out-a-working-piece-of-code;python-3.x, tensorflow, deep-learning, tensorflow2.0, tensorflow-layers;
keras-team/keras;4;57005539;How to create a nested tensorflow structure?;False;0;2019-07-12 07:54:14;https://stackoverflow.com/questions/57005539/how-to-create-a-nested-tensorflow-structure;python, tensorflow, graph, keras;
keras-team/keras;4;53273828;Keras, GPU running out of memory;True;1;2018-11-13 01:29:04;https://stackoverflow.com/questions/53273828/keras-gpu-running-out-of-memory;amazon-web-services, tensorflow, keras, gpu;
keras-team/keras;4;49452731;Segmentation-free Handwritten Text Recognition with Keras;True;1;2018-03-23 12:04:06;https://stackoverflow.com/questions/49452731/segmentation-free-handwritten-text-recognition-with-keras;python, keras, ocr, rnn;
keras-team/keras;4;48764716;Testing weighted categorical cross entropy for multiple classes in keras with tensorflow backend;True;2;2018-02-13 07:36:32;https://stackoverflow.com/questions/48764716/testing-weighted-categorical-cross-entropy-for-multiple-classes-in-keras-with-te;python, tensorflow, keras-layer, keras-2;
keras-team/keras;4;63978855;How Tensorflow.js layers API knows the output size?;False;0;2020-09-20 09:14:06;https://stackoverflow.com/questions/63978855/how-tensorflow-js-layers-api-knows-the-output-size;javascript, tensorflow;
keras-team/keras;4;62216478;AttributeError: &#39;NoneType&#39; object has no attribute &#39;image_data_format&#39; with keras_applications ResNeXt50;False;0;2020-06-05 10:29:39;https://stackoverflow.com/questions/62216478/attributeerror-nonetype-object-has-no-attribute-image-data-format-with-kera;python-3.x, tensorflow, machine-learning, keras;
keras-team/keras;4;61639005;Everytime i try to train my logistic regression model it gives an error code;False;0;2020-05-06 12:26:04;https://stackoverflow.com/questions/61639005/everytime-i-try-to-train-my-logistic-regression-model-it-gives-an-error-code;python, tensorflow, machine-learning, logistic-regression;
keras-team/keras;4;60954241;Callback in tf.keras that saves my monitored values and lr when using ReduceLROnPlateau at each epoch in a separate .csv file;False;0;2020-03-31 12:29:30;https://stackoverflow.com/questions/60954241/callback-in-tf-keras-that-saves-my-monitored-values-and-lr-when-using-reducelron;tensorflow, machine-learning, keras, deep-learning, callback;
keras-team/keras;4;60451751;Python error with deep learning when using different test and train set;False;0;2020-02-28 09:29:44;https://stackoverflow.com/questions/60451751/python-error-with-deep-learning-when-using-different-test-and-train-set;python, keras;
keras-team/keras;4;60338016;Get an &quot;InvalidArgumentError: Incompatible shapes&quot; error but not clear why;False;0;2020-02-21 08:42:53;https://stackoverflow.com/questions/60338016/get-an-invalidargumenterror-incompatible-shapes-error-but-not-clear-why;python, keras, autoencoder;
keras-team/keras;4;60046004;tf.keras model.fit(): enormous difference between train loss and val loss on the same data;False;2;2020-02-03 16:34:59;https://stackoverflow.com/questions/60046004/tf-keras-model-fit-enormous-difference-between-train-loss-and-val-loss-on-the;tensorflow, keras, tensorflow2.0;
keras-team/keras;4;57283084;Keras Multi_GPU_Model: Slow like Molasses;False;1;2019-07-31 01:15:05;https://stackoverflow.com/questions/57283084/keras-multi-gpu-model-slow-like-molasses;python, tensorflow, keras, multi-gpu;
keras-team/keras;4;56141973;How to transfom decoder_target_data to the right shape for Model ouputs;True;1;2019-05-15 01:52:07;https://stackoverflow.com/questions/56141973/how-to-transfom-decoder-target-data-to-the-right-shape-for-model-ouputs;tensorflow, keras, python-3.6;
keras-team/keras;4;64646501;I have a UnicodeDecodeError;False;0;2020-11-02 10:28:58;https://stackoverflow.com/questions/64646501/i-have-a-unicodedecodeerror;python, python-unicode;
keras-team/keras;7;50468940;Tensorflow 1.8, tf.keras gives different result in DCGAN from Keras;False;0;2018-05-22 10:27:18;https://stackoverflow.com/questions/50468940/tensorflow-1-8-tf-keras-gives-different-result-in-dcgan-from-keras;tensorflow, keras;
keras-team/keras;7;58977110;How to build a custom docker image with Jupyter Notebook and Keras installed?;False;0;2019-11-21 11:20:33;https://stackoverflow.com/questions/58977110/how-to-build-a-custom-docker-image-with-jupyter-notebook-and-keras-installed;docker, jupyter-notebook, dockerfile, containers, conda;
keras-team/keras;7;60046004;tf.keras model.fit(): enormous difference between train loss and val loss on the same data;False;2;2020-02-03 16:34:59;https://stackoverflow.com/questions/60046004/tf-keras-model-fit-enormous-difference-between-train-loss-and-val-loss-on-the;tensorflow, keras, tensorflow2.0;
keras-team/keras;7;63978855;How Tensorflow.js layers API knows the output size?;False;0;2020-09-20 09:14:06;https://stackoverflow.com/questions/63978855/how-tensorflow-js-layers-api-knows-the-output-size;javascript, tensorflow;
keras-team/keras;7;64513888;ValueError on Keras Variational AutoEncoder - code example not working;False;0;2020-10-24 10:36:03;https://stackoverflow.com/questions/64513888/valueerror-on-keras-variational-autoencoder-code-example-not-working;python, tensorflow, keras, keras-layer, autoencoder;
keras-team/keras;7;53488870;SageMaker fails when using Multi-GPU with keras.utils.multi_gpu_model;True;2;2018-11-26 17:51:46;https://stackoverflow.com/questions/53488870/sagemaker-fails-when-using-multi-gpu-with-keras-utils-multi-gpu-model;tensorflow, keras, amazon-sagemaker;
keras-team/keras;7;51453506;conv_lstm.py example uses &#39;binary_crossentropy&#39; loss for regression. Why not using &#39;mean_squared_error&#39; instead?;True;1;2018-07-21 03:35:00;https://stackoverflow.com/questions/51453506/conv-lstm-py-example-uses-binary-crossentropy-loss-for-regression-why-not-usi;python, keras, conv-neural-network, lstm;
keras-team/keras;80;52228899;Keras, auc on validation set during training does not match with sklearn auc;True;1;2018-09-07 16:56:38;https://stackoverflow.com/questions/52228899/keras-auc-on-validation-set-during-training-does-not-match-with-sklearn-auc;tensorflow, scikit-learn, keras, roc, auc;
keras-team/keras;80;58933151;as_list() is not defined on an unknown TensorShape;True;1;2019-11-19 08:33:25;https://stackoverflow.com/questions/58933151/as-list-is-not-defined-on-an-unknown-tensorshape;python, tensorflow, machine-learning, tensorflow-datasets, tfrecord;
keras-team/keras;80;51657456;Keras mulilabel classification loss function: how to get accurate val_acc using binary crossentropy?;False;0;2018-08-02 12:36:14;https://stackoverflow.com/questions/51657456/keras-mulilabel-classification-loss-function-how-to-get-accurate-val-acc-using;python, tensorflow, keras;
keras-team/keras;80;56994610;ValueError: Error when checking input: expected dense_1_input to have shape (1, 224, 224) but got array with shape (224, 224, 1);True;1;2019-07-11 14:34:36;https://stackoverflow.com/questions/56994610/valueerror-error-when-checking-input-expected-dense-1-input-to-have-shape-1;python, keras, deep-learning;
keras-team/keras;80;50516541;Theano function memory not allocated in Keras example;False;1;2018-05-24 16:07:52;https://stackoverflow.com/questions/50516541/theano-function-memory-not-allocated-in-keras-example;python, keras, theano, handwriting-recognition;
keras-team/keras;80;49788549;Unwanted characters predicted instead of blank/no label in CNN-RNN-CTC network for Word Recognition;False;0;2018-04-12 02:19:21;https://stackoverflow.com/questions/49788549/unwanted-characters-predicted-instead-of-blank-no-label-in-cnn-rnn-ctc-network-f;python, deep-learning, keras, ocr;
keras-team/keras;80;64646501;I have a UnicodeDecodeError;False;0;2020-11-02 10:28:58;https://stackoverflow.com/questions/64646501/i-have-a-unicodedecodeerror;python, python-unicode;
keras-team/keras;81;58933151;as_list() is not defined on an unknown TensorShape;True;1;2019-11-19 08:33:25;https://stackoverflow.com/questions/58933151/as-list-is-not-defined-on-an-unknown-tensorshape;python, tensorflow, machine-learning, tensorflow-datasets, tfrecord;
keras-team/keras;81;50289628;Use keras in multiprocessing;True;2;2018-05-11 06:51:31;https://stackoverflow.com/questions/50289628/use-keras-in-multiprocessing;python, tensorflow, keras, multiprocessing;
pytorch/pytorch;41;43559536;multi-variable linear regression with pytorch;True;1;2017-04-22 10:00:22;https://stackoverflow.com/questions/43559536/multi-variable-linear-regression-with-pytorch;pytorch;
pytorch/pytorch;41;50408673;How to build an autograd-compatible Pytorch module that resizes tensors like images?;True;2;2018-05-18 06:57:13;https://stackoverflow.com/questions/50408673/how-to-build-an-autograd-compatible-pytorch-module-that-resizes-tensors-like-ima;python-3.x, image-resizing, pytorch, tensor, resize-image;
pytorch/pytorch;41;51140927;what is uninitialized data in pytorch.empty function;True;1;2018-07-02 14:18:50;https://stackoverflow.com/questions/51140927/what-is-uninitialized-data-in-pytorch-empty-function;python, multidimensional-array, memory-management, pytorch, tensor;
pytorch/pytorch;41;59493606;PyTorch and TensorFlow object detection - evaluate - object of type &lt;class &#39;numpy.float64&#39;&gt; cannot be safely interpreted as an integer;True;1;2019-12-26 18:24:25;https://stackoverflow.com/questions/59493606/pytorch-and-tensorflow-object-detection-evaluate-object-of-type-class-nump;python, pytorch;
pytorch/pytorch;41;52562352;PyTorch and CUDA driver;True;3;2018-09-28 17:37:28;https://stackoverflow.com/questions/52562352/pytorch-and-cuda-driver;python-3.x, pytorch;
pytorch/pytorch;41;58996451;Adapting Pytorch &quot;NLP from Scratch&quot; for bidirectional GRU;True;1;2019-11-22 11:37:08;https://stackoverflow.com/questions/58996451/adapting-pytorch-nlp-from-scratch-for-bidirectional-gru;python, deep-learning, nlp, pytorch, recurrent-neural-network;
pytorch/pytorch;41;59520705;Mask values in segmentation task are either 0 or 255. How do I resolve this?;True;1;2019-12-29 12:25:34;https://stackoverflow.com/questions/59520705/mask-values-in-segmentation-task-are-either-0-or-255-how-do-i-resolve-this;pytorch, mask, image-segmentation, fast-ai;
pytorch/pytorch;41;61847448;How to use TPUs with PyTorch?;True;1;2020-05-17 02:36:06;https://stackoverflow.com/questions/61847448/how-to-use-tpus-with-pytorch;python, pytorch, tpu;
pytorch/pytorch;41;54274089;RuntimeError: PyTorch does not currently provide packages for PyPI;True;2;2019-01-20 03:17:58;https://stackoverflow.com/questions/54274089/runtimeerror-pytorch-does-not-currently-provide-packages-for-pypi;python, pytorch, torch;
pytorch/pytorch;41;54451971;Cannot import opencv normally in Pycharm with conda env;False;0;2019-01-30 22:12:32;https://stackoverflow.com/questions/54451971/cannot-import-opencv-normally-in-pycharm-with-conda-env;python, opencv, pycharm, pytorch, importerror;
pytorch/pytorch;41;57357154;Cannot run Flask on Docker (ModuleNotFoundError);True;1;2019-08-05 07:55:17;https://stackoverflow.com/questions/57357154/cannot-run-flask-on-docker-modulenotfounderror;python, python-3.x, docker, flask, pytorch;
pytorch/pytorch;41;61359897;pygpu problem : DLL load failed: The specified procedure could not be found;False;1;2020-04-22 04:51:32;https://stackoverflow.com/questions/61359897/pygpu-problem-dll-load-failed-the-specified-procedure-could-not-be-found;python, deep-learning, conda, theano, lasagne;
pytorch/pytorch;41;49980801;PyTorch 3 reshaping error;True;1;2018-04-23 09:12:20;https://stackoverflow.com/questions/49980801/pytorch-3-reshaping-error;python, size, reshape, pytorch;
pytorch/pytorch;41;50689203;Missing Weight Vectors when converting from PyTorch to CoreML via ONNX;True;1;2018-06-04 18:46:11;https://stackoverflow.com/questions/50689203/missing-weight-vectors-when-converting-from-pytorch-to-coreml-via-onnx;pytorch, coreml, onnx, onnx-coreml;
pytorch/pytorch;41;53203986;Creating &quot;.t7&quot; torch file in python;False;0;2018-11-08 05:32:59;https://stackoverflow.com/questions/53203986/creating-t7-torch-file-in-python;python, lua, pytorch, torch;
pytorch/pytorch;41;55065964;sparse tensors do not have strides;False;0;2019-03-08 12:06:54;https://stackoverflow.com/questions/55065964/sparse-tensors-do-not-have-strides;machine-learning, deep-learning, pytorch;
pytorch/pytorch;41;59656306;How to use torch.utils.tensorboard&#39;s SummaryWriter add_graph with dictionary outputs?;False;0;2020-01-08 23:10:16;https://stackoverflow.com/questions/59656306/how-to-use-torch-utils-tensorboards-summarywriter-add-graph-with-dictionary-out;pytorch, tensorboard, graph-visualization;
pytorch/pytorch;41;60478862;How to avoid &quot;RuntimeError: error in LoadLibraryA&quot; for torch.cat?;True;2;2020-03-01 16:19:38;https://stackoverflow.com/questions/60478862/how-to-avoid-runtimeerror-error-in-loadlibrarya-for-torch-cat;python, windows, pytorch;
pytorch/pytorch;41;62174141;How to balance the generator and the discriminator performances in a GAN?;True;1;2020-06-03 10:33:31;https://stackoverflow.com/questions/62174141/how-to-balance-the-generator-and-the-discriminator-performances-in-a-gan;python, machine-learning, deep-learning, pytorch, generative-adversarial-network;
pytorch/pytorch;41;62420192;How to divide Resnet50 model to two parts and then train data in order in pytorch?;False;0;2020-06-16 22:41:11;https://stackoverflow.com/questions/62420192/how-to-divide-resnet50-model-to-two-parts-and-then-train-data-in-order-in-pytorc;python, deep-learning, computer-vision, pytorch;
pytorch/pytorch;41;62420902;Pytorch vsion size mismatch, m1;True;2;2020-06-17 00:15:52;https://stackoverflow.com/questions/62420902/pytorch-vsion-size-mismatch-m1;python, pytorch;
pytorch/pytorch;41;63776219;Compare the efficiency of the data loading methods in deep learning;True;1;2020-09-07 07:56:32;https://stackoverflow.com/questions/63776219/compare-the-efficiency-of-the-data-loading-methods-in-deep-learning;deep-learning, pytorch, numpy-memmap;
pytorch/pytorch;41;63837617;Error importing cv2: &#39;libSM.so.6: cannot open shared object file: No such file or directory&#39;;True;1;2020-09-10 18:00:33;https://stackoverflow.com/questions/63837617/error-importing-cv2-libsm-so-6-cannot-open-shared-object-file-no-such-file-o;python, django, opencv, amazon-elastic-beanstalk, python-import;
pytorch/pytorch;41;63895281;can&#39;t open new notebook with particular kernel;False;0;2020-09-15 01:49:17;https://stackoverflow.com/questions/63895281/cant-open-new-notebook-with-particular-kernel;jupyter-notebook, anaconda;
pytorch/pytorch;41;47373421;From 2D to 3D using convolutional autoencoder;True;1;2017-11-19 00:26:05;https://stackoverflow.com/questions/47373421/from-2d-to-3d-using-convolutional-autoencoder;python, machine-learning, deep-learning, pytorch, autoencoder;
pytorch/pytorch;41;52615296;PyCharm won&#39;t install PyTorch - Building wheel failed;False;2;2018-10-02 16:41:00;https://stackoverflow.com/questions/52615296/pycharm-wont-install-pytorch-building-wheel-failed;python-3.x, pip, pycharm, pytorch;
pytorch/pytorch;41;61519739;Python 3.7 and visdom error：unsupported operand type(s) for +: &#39;NoneType&#39; and &#39;str&#39;;False;0;2020-04-30 06:05:51;https://stackoverflow.com/questions/61519739/python-3-7-and-visdom-error-unsupported-operand-types-for-nonetype-and-s;python, visdom;
pytorch/pytorch;41;62395921;Tensorflow CNN shape mismatch;False;1;2020-06-15 16:51:51;https://stackoverflow.com/questions/62395921/tensorflow-cnn-shape-mismatch;deep-learning, data-science, torch, cnn;
pytorch/pytorch;41;62396359;Size mismatch error in converting TensorFlow model to Pytorch;True;1;2020-06-15 17:22:58;https://stackoverflow.com/questions/62396359/size-mismatch-error-in-converting-tensorflow-model-to-pytorch;python, pytorch;
pytorch/pytorch;41;63066423;Neural Machine Translation: IndexError: dimension specified as 0 but tensor has no dimensions;False;0;2020-07-24 00:38:29;https://stackoverflow.com/questions/63066423/neural-machine-translation-indexerror-dimension-specified-as-0-but-tensor-has;python, tensorflow, machine-learning, neural-network, tensor;
pytorch/pytorch;42;54264338;Why does PyTorch not find my NVDIA drivers for CUDA support?;False;2;2019-01-19 02:30:13;https://stackoverflow.com/questions/54264338/why-does-pytorch-not-find-my-nvdia-drivers-for-cuda-support;python, anaconda, pytorch;
pytorch/pytorch;42;43559536;multi-variable linear regression with pytorch;True;1;2017-04-22 10:00:22;https://stackoverflow.com/questions/43559536/multi-variable-linear-regression-with-pytorch;pytorch;
pytorch/pytorch;42;50408673;How to build an autograd-compatible Pytorch module that resizes tensors like images?;True;2;2018-05-18 06:57:13;https://stackoverflow.com/questions/50408673/how-to-build-an-autograd-compatible-pytorch-module-that-resizes-tensors-like-ima;python-3.x, image-resizing, pytorch, tensor, resize-image;
pytorch/pytorch;42;59520620;Creating LSTM model with pytorch;True;1;2019-12-29 12:14:48;https://stackoverflow.com/questions/59520620/creating-lstm-model-with-pytorch;deep-learning, pytorch, lstm, recurrent-neural-network;
pytorch/pytorch;42;59520705;Mask values in segmentation task are either 0 or 255. How do I resolve this?;True;1;2019-12-29 12:25:34;https://stackoverflow.com/questions/59520705/mask-values-in-segmentation-task-are-either-0-or-255-how-do-i-resolve-this;pytorch, mask, image-segmentation, fast-ai;
pytorch/pytorch;42;58996451;Adapting Pytorch &quot;NLP from Scratch&quot; for bidirectional GRU;True;1;2019-11-22 11:37:08;https://stackoverflow.com/questions/58996451/adapting-pytorch-nlp-from-scratch-for-bidirectional-gru;python, deep-learning, nlp, pytorch, recurrent-neural-network;
pytorch/pytorch;42;61847448;How to use TPUs with PyTorch?;True;1;2020-05-17 02:36:06;https://stackoverflow.com/questions/61847448/how-to-use-tpus-with-pytorch;python, pytorch, tpu;
pytorch/pytorch;42;54571377;How to create a custom PyTorch dataset when the order and the total number of training samples is not known in advance?;True;1;2019-02-07 07:36:06;https://stackoverflow.com/questions/54571377/how-to-create-a-custom-pytorch-dataset-when-the-order-and-the-total-number-of-tr;deep-learning, pytorch;
pytorch/pytorch;42;63275709;RuntimeError: Expected 4-dimensional input for 4-dimensional weight 128 256, but got 2-dimensional input of size [32, 128] instead;True;1;2020-08-05 22:43:08;https://stackoverflow.com/questions/63275709/runtimeerror-expected-4-dimensional-input-for-4-dimensional-weight-128-256-but;pytorch, dimensions, generative-adversarial-network;
pytorch/pytorch;42;59195071;Weight Initialization from pretrained BERT error in pytorch;False;0;2019-12-05 09:21:18;https://stackoverflow.com/questions/59195071/weight-initialization-from-pretrained-bert-error-in-pytorch;nlp, pytorch, multilabel-classification, pre-trained-model, spacy-pytorch-transformers;
pytorch/pytorch;42;56864159;PyTorch batch Size suddenly reduced after n epochs;True;1;2019-07-03 03:29:39;https://stackoverflow.com/questions/56864159/pytorch-batch-size-suddenly-reduced-after-n-epochs;machine-learning, deep-learning, pytorch;
pytorch/pytorch;42;62174141;How to balance the generator and the discriminator performances in a GAN?;True;1;2020-06-03 10:33:31;https://stackoverflow.com/questions/62174141/how-to-balance-the-generator-and-the-discriminator-performances-in-a-gan;python, machine-learning, deep-learning, pytorch, generative-adversarial-network;
pytorch/pytorch;42;63837617;Error importing cv2: &#39;libSM.so.6: cannot open shared object file: No such file or directory&#39;;True;1;2020-09-10 18:00:33;https://stackoverflow.com/questions/63837617/error-importing-cv2-libsm-so-6-cannot-open-shared-object-file-no-such-file-o;python, django, opencv, amazon-elastic-beanstalk, python-import;
pytorch/pytorch;42;55065964;sparse tensors do not have strides;False;0;2019-03-08 12:06:54;https://stackoverflow.com/questions/55065964/sparse-tensors-do-not-have-strides;machine-learning, deep-learning, pytorch;
pytorch/pytorch;42;59656306;How to use torch.utils.tensorboard&#39;s SummaryWriter add_graph with dictionary outputs?;False;0;2020-01-08 23:10:16;https://stackoverflow.com/questions/59656306/how-to-use-torch-utils-tensorboards-summarywriter-add-graph-with-dictionary-out;pytorch, tensorboard, graph-visualization;
pytorch/pytorch;42;50689203;Missing Weight Vectors when converting from PyTorch to CoreML via ONNX;True;1;2018-06-04 18:46:11;https://stackoverflow.com/questions/50689203/missing-weight-vectors-when-converting-from-pytorch-to-coreml-via-onnx;pytorch, coreml, onnx, onnx-coreml;
pytorch/pytorch;42;62933605;Tensorboard refuses to show logs;False;0;2020-07-16 08:22:34;https://stackoverflow.com/questions/62933605/tensorboard-refuses-to-show-logs;python, tensorboard;
pytorch/pytorch;42;61968540;ret = torch._C._nn.nll_loss(input, target, weight, _Reduction.get_enum(reduction), ignore_index) throws IndexError: Target 42 is out of bounds;True;1;2020-05-23 03:57:26;https://stackoverflow.com/questions/61968540/ret-torch-c-nn-nll-lossinput-target-weight-reduction-get-enumreduction;python, numpy, tensorflow, pytorch;
pytorch/pytorch;42;60355127;Removing last 2 layers from a BERT classifier results in &quot; &#39;tuple&#39; object has no attribute &#39;dim&#39; &quot; error. Why?;False;0;2020-02-22 14:59:10;https://stackoverflow.com/questions/60355127/removing-last-2-layers-from-a-bert-classifier-results-in-tuple-object-has-no;keras, pytorch, tf.keras, huggingface-transformers;
pytorch/pytorch;42;59529339;TypeError: Cannot handle this data type;True;1;2019-12-30 07:32:47;https://stackoverflow.com/questions/59529339/typeerror-cannot-handle-this-data-type;python, image-processing, pytorch, torchvision, dataloader;
pytorch/pytorch;42;57891759;Code example in Hugging Face Pytorch-Transformers quickstart documentation;False;0;2019-09-11 11:51:08;https://stackoverflow.com/questions/57891759/code-example-in-hugging-face-pytorch-transformers-quickstart-documentation;python, nlp, pytorch, huggingface-transformers;
pytorch/pytorch;42;56086706;How to solve the OSError while Importing torch in Python;False;1;2019-05-10 23:30:42;https://stackoverflow.com/questions/56086706/how-to-solve-the-oserror-while-importing-torch-in-python;python-3.x, visual-studio-code, anaconda, pytorch;
pytorch/pytorch;42;52891649;ImportError: .../detectron/utils/cython_nms.so: undefined symbol: PyFPE_jbuf, Detectron, Caffe2, Anaconda, Cython;True;2;2018-10-19 08:40:47;https://stackoverflow.com/questions/52891649/importerror-detectron-utils-cython-nms-so-undefined-symbol-pyfpe-jbuf-de;python-2.7, cython, caffe2;
pytorch/pytorch;42;51461970;PyTorch Tensors of Inputs and Labels in LSTM;True;1;2018-07-22 01:11:35;https://stackoverflow.com/questions/51461970/pytorch-tensors-of-inputs-and-labels-in-lstm;lstm, pytorch;
pytorch/pytorch;42;48367732;Input size mismatch error when using pre-trained inceptionV3 model for image classification;False;0;2018-01-21 11:15:22;https://stackoverflow.com/questions/48367732/input-size-mismatch-error-when-using-pre-trained-inceptionv3-model-for-image-cla;computer-vision, deep-learning, pytorch;
pytorch/pytorch;42;63066423;Neural Machine Translation: IndexError: dimension specified as 0 but tensor has no dimensions;False;0;2020-07-24 00:38:29;https://stackoverflow.com/questions/63066423/neural-machine-translation-indexerror-dimension-specified-as-0-but-tensor-has;python, tensorflow, machine-learning, neural-network, tensor;
pytorch/pytorch;42;63919315;Cannot iterate through Pytorch Dataloader . Unequal tensor;False;0;2020-09-16 08:42:04;https://stackoverflow.com/questions/63919315/cannot-iterate-through-pytorch-dataloader-unequal-tensor;python, pytorch, dataloader;
pytorch/pytorch;42;63710488;Installation of GANet;False;0;2020-09-02 14:14:31;https://stackoverflow.com/questions/63710488/installation-of-ganet;python, neural-network, pytorch, torch;
pytorch/pytorch;42;56983541;Facing issue while converting YOLOV3 Pytorch model to coreml to be in IOS App using ONNX;False;1;2019-07-11 04:12:32;https://stackoverflow.com/questions/56983541/facing-issue-while-converting-yolov3-pytorch-model-to-coreml-to-be-in-ios-app-us;machine-learning, pytorch, yolo, onnx, onnx-coreml;
pytorch/pytorch;42;56817007;Why doesn&#39;t setting `random.seed(42)` give me identical results in pytorch?;False;2;2019-06-29 07:59:59;https://stackoverflow.com/questions/56817007/why-doesnt-setting-random-seed42-give-me-identical-results-in-pytorch;python, numpy, pytorch, random-seed;
pytorch/pytorch;43;43559536;multi-variable linear regression with pytorch;True;1;2017-04-22 10:00:22;https://stackoverflow.com/questions/43559536/multi-variable-linear-regression-with-pytorch;pytorch;
pytorch/pytorch;43;51140927;what is uninitialized data in pytorch.empty function;True;1;2018-07-02 14:18:50;https://stackoverflow.com/questions/51140927/what-is-uninitialized-data-in-pytorch-empty-function;python, multidimensional-array, memory-management, pytorch, tensor;
pytorch/pytorch;43;59520705;Mask values in segmentation task are either 0 or 255. How do I resolve this?;True;1;2019-12-29 12:25:34;https://stackoverflow.com/questions/59520705/mask-values-in-segmentation-task-are-either-0-or-255-how-do-i-resolve-this;pytorch, mask, image-segmentation, fast-ai;
pytorch/pytorch;43;58996451;Adapting Pytorch &quot;NLP from Scratch&quot; for bidirectional GRU;True;1;2019-11-22 11:37:08;https://stackoverflow.com/questions/58996451/adapting-pytorch-nlp-from-scratch-for-bidirectional-gru;python, deep-learning, nlp, pytorch, recurrent-neural-network;
pytorch/pytorch;43;59613957;Undefined symbol when importing tf-sentencepiece;True;3;2020-01-06 11:37:31;https://stackoverflow.com/questions/59613957/undefined-symbol-when-importing-tf-sentencepiece;python, docker, tensorflow, pip;
pytorch/pytorch;43;61847448;How to use TPUs with PyTorch?;True;1;2020-05-17 02:36:06;https://stackoverflow.com/questions/61847448/how-to-use-tpus-with-pytorch;python, pytorch, tpu;
pytorch/pytorch;43;63837617;Error importing cv2: &#39;libSM.so.6: cannot open shared object file: No such file or directory&#39;;True;1;2020-09-10 18:00:33;https://stackoverflow.com/questions/63837617/error-importing-cv2-libsm-so-6-cannot-open-shared-object-file-no-such-file-o;python, django, opencv, amazon-elastic-beanstalk, python-import;
pytorch/pytorch;43;59529339;TypeError: Cannot handle this data type;True;1;2019-12-30 07:32:47;https://stackoverflow.com/questions/59529339/typeerror-cannot-handle-this-data-type;python, image-processing, pytorch, torchvision, dataloader;
pytorch/pytorch;43;59656306;How to use torch.utils.tensorboard&#39;s SummaryWriter add_graph with dictionary outputs?;False;0;2020-01-08 23:10:16;https://stackoverflow.com/questions/59656306/how-to-use-torch-utils-tensorboards-summarywriter-add-graph-with-dictionary-out;pytorch, tensorboard, graph-visualization;
pytorch/pytorch;43;61968540;ret = torch._C._nn.nll_loss(input, target, weight, _Reduction.get_enum(reduction), ignore_index) throws IndexError: Target 42 is out of bounds;True;1;2020-05-23 03:57:26;https://stackoverflow.com/questions/61968540/ret-torch-c-nn-nll-lossinput-target-weight-reduction-get-enumreduction;python, numpy, tensorflow, pytorch;
pytorch/pytorch;43;61182625;No Module named numpy in conda env;True;2;2020-04-13 03:32:35;https://stackoverflow.com/questions/61182625/no-module-named-numpy-in-conda-env;python, numpy, anaconda, conda;
pytorch/pytorch;43;59941776;Why does the parameters saved in the checkpoint are different from the ones in the fused model?;True;1;2020-01-28 00:29:38;https://stackoverflow.com/questions/59941776/why-does-the-parameters-saved-in-the-checkpoint-are-different-from-the-ones-in-t;python, pytorch, quantization-aware-training;
pytorch/pytorch;43;57678943;CNN is overfitting to minority class;False;0;2019-08-27 13:32:50;https://stackoverflow.com/questions/57678943/cnn-is-overfitting-to-minority-class;python, deep-learning, conv-neural-network, pytorch;
pytorch/pytorch;43;57644452;Loading a huge dataset batch-wise to train pytorch;False;1;2019-08-25 05:33:05;https://stackoverflow.com/questions/57644452/loading-a-huge-dataset-batch-wise-to-train-pytorch;python, machine-learning, dataset, artificial-intelligence, pytorch;
pytorch/pytorch;43;56311402;DLL error when importing tensorflow in anaconda environment;True;2;2019-05-26 04:05:44;https://stackoverflow.com/questions/56311402/dll-error-when-importing-tensorflow-in-anaconda-environment;python, tensorflow, visual-studio-code;
pytorch/pytorch;43;61519739;Python 3.7 and visdom error：unsupported operand type(s) for +: &#39;NoneType&#39; and &#39;str&#39;;False;0;2020-04-30 06:05:51;https://stackoverflow.com/questions/61519739/python-3-7-and-visdom-error-unsupported-operand-types-for-nonetype-and-s;python, visdom;
pytorch/pytorch;43;63066423;Neural Machine Translation: IndexError: dimension specified as 0 but tensor has no dimensions;False;0;2020-07-24 00:38:29;https://stackoverflow.com/questions/63066423/neural-machine-translation-indexerror-dimension-specified-as-0-but-tensor-has;python, tensorflow, machine-learning, neural-network, tensor;
pytorch/pytorch;43;64700412;How to run Kaggle/docker-python container GPU specific version;False;0;2020-11-05 12:36:16;https://stackoverflow.com/questions/64700412/how-to-run-kaggle-docker-python-container-gpu-specific-version;python, docker, tensorflow, gpu, kaggle;
pytorch/pytorch;43;64372667;RuntimeError: Unknown IValue type for pickling: Device;False;0;2020-10-15 10:29:41;https://stackoverflow.com/questions/64372667/runtimeerror-unknown-ivalue-type-for-pickling-device;save, torchscript;
pytorch/pytorch;43;64006644;Maven Bintray distribution in Eclipse is not uploading jar files. Error code 401 (Unauthorized) but only for jar packaging?;True;2;2020-09-22 06:15:26;https://stackoverflow.com/questions/64006644/maven-bintray-distribution-in-eclipse-is-not-uploading-jar-files-error-code-401;java, eclipse, maven, bintray, maven-deploy-plugin;
pytorch/pytorch;43;61884137;Research Question (Help): RuntimeError: Input type (torch.FloatTensor) and weight type (torch.cuda.FloatTensor) should be the same;False;0;2020-05-19 02:53:38;https://stackoverflow.com/questions/61884137/research-question-help-runtimeerror-input-type-torch-floattensor-and-weigh;python, tensorflow, machine-learning, pytorch, gpu;
pytorch/pytorch;43;61528513;Pytorch - Getting loss 0.000 and keyerror while inferencing;False;0;2020-04-30 13:42:19;https://stackoverflow.com/questions/61528513/pytorch-getting-loss-0-000-and-keyerror-while-inferencing;image-processing, computer-vision, pytorch, vision, dataloader;
pytorch/pytorch;43;55388650;categorical labels using cross entropy loss, accuracy does not change | deep learning pytorch;False;1;2019-03-27 21:57:26;https://stackoverflow.com/questions/55388650/categorical-labels-using-cross-entropy-loss-accuracy-does-not-change-deep-lea;python, machine-learning, deep-learning, pytorch, loss-function;
pytorch/pytorch;43;46474426;Assertion `THIndexTensor_(size)(target, 0) == batch_size&#39; failed;False;1;2017-09-28 13:49:44;https://stackoverflow.com/questions/46474426/assertion-thindextensor-sizetarget-0-batch-size-failed;python, machine-learning, torch, pytorch, language-model;
pytorch/pytorch;43;44901774;how to change CNN model to Wide convolution in pytorch?;False;1;2017-07-04 06:12:44;https://stackoverflow.com/questions/44901774/how-to-change-cnn-model-to-wide-convolution-in-pytorch;pytorch;
pytorch/pytorch;43;59461100;Python/Pytorch - how to use Image arrays?;True;1;2019-12-23 17:40:32;https://stackoverflow.com/questions/59461100/python-pytorch-how-to-use-image-arrays;python, pytorch;
scikit-learn/scikit-learn;65;54890328;Installing pandas in docker Alpine;True;4;2019-02-26 13:45:51;https://stackoverflow.com/questions/54890328/installing-pandas-in-docker-alpine;python, pandas, numpy, docker, alpine;
scikit-learn/scikit-learn;65;35440072;Jupyter Notebook load_ext signature;True;2;2016-02-16 15:14:04;https://stackoverflow.com/questions/35440072/jupyter-notebook-load-ext-signature;python, import, jupyter-notebook;
scikit-learn/scikit-learn;65;39066567;Scikit-Learn: Std.Error, p-Value from LinearRegression;False;0;2016-08-21 13:48:43;https://stackoverflow.com/questions/39066567/scikit-learn-std-error-p-value-from-linearregression;python, machine-learning, scikit-learn, linear-regression;
scikit-learn/scikit-learn;65;27890413;Using GridSearchCV for RandomForestRegressor;True;1;2015-01-11 15:14:04;https://stackoverflow.com/questions/27890413/using-gridsearchcv-for-randomforestregressor;python, scikit-learn, random-forest, cross-validation;
scikit-learn/scikit-learn;65;38166327;Interpreting the output of SciPy&#39;s hierarchical clustering dendrogram? (maybe found a bug...);True;1;2016-07-02 23:54:01;https://stackoverflow.com/questions/38166327/interpreting-the-output-of-scipys-hierarchical-clustering-dendrogram-maybe-fo;python, machine-learning, scipy, hierarchical-clustering, dendrogram;
scikit-learn/scikit-learn;65;54751297;uWSGI and joblib Semaphore: Joblib will operate in serial mode;True;3;2019-02-18 13:12:51;https://stackoverflow.com/questions/54751297/uwsgi-and-joblib-semaphore-joblib-will-operate-in-serial-mode;python, docker, flask, uwsgi, joblib;
scikit-learn/scikit-learn;65;35183367;Different performance by different ML classifiers, what can I deduce?;True;1;2016-02-03 14:07:52;https://stackoverflow.com/questions/35183367/different-performance-by-different-ml-classifiers-what-can-i-deduce;machine-learning, scikit-learn, classification, prediction;
scikit-learn/scikit-learn;65;59240556;LatentDirichletAllocation was not installed in decomposition module of SciKit-Learn;True;3;2019-12-08 19:40:53;https://stackoverflow.com/questions/59240556/latentdirichletallocation-was-not-installed-in-decomposition-module-of-scikit-le;python-3.x, tensorflow, scikit-learn;
scikit-learn/scikit-learn;65;61799762;Memory error deploying app in Google App Engine;False;1;2020-05-14 11:23:22;https://stackoverflow.com/questions/61799762/memory-error-deploying-app-in-google-app-engine;python, google-app-engine, flask, google-cloud-platform, out-of-memory;
scikit-learn/scikit-learn;65;32374305;NLTK: Tuning LinearSVC classifier accuracy? - Looking for better approaches/advices;True;1;2015-09-03 08:24:53;https://stackoverflow.com/questions/32374305/nltk-tuning-linearsvc-classifier-accuracy-looking-for-better-approaches-advi;python, machine-learning, nlp, scikit-learn, nltk;
scikit-learn/scikit-learn;65;35055569;How do I install scipy and numpy with setuptools;False;1;2016-01-28 04:46:33;https://stackoverflow.com/questions/35055569/how-do-i-install-scipy-and-numpy-with-setuptools;python, numpy, scipy, setuptools;
scikit-learn/scikit-learn;65;36401290;Different results between Orange PCA and scikit-learn PCA;True;3;2016-04-04 08:24:29;https://stackoverflow.com/questions/36401290/different-results-between-orange-pca-and-scikit-learn-pca;python, scikit-learn, pca, variance, orange;
scikit-learn/scikit-learn;65;54905588;Exception in thread QueueManagerThread - scikit-learn;True;1;2019-02-27 09:32:04;https://stackoverflow.com/questions/54905588/exception-in-thread-queuemanagerthread-scikit-learn;python, python-3.x, multithreading, scikit-learn, joblib;
scikit-learn/scikit-learn;65;57844233;UnsatisfiableError: The following specifications were found to be incompatible with each other:;True;1;2019-09-08 14:27:55;https://stackoverflow.com/questions/57844233/unsatisfiableerror-the-following-specifications-were-found-to-be-incompatible-w;anaconda, conda;
scikit-learn/scikit-learn;65;45260533;TypeError: unhashable type on new computer but not old;True;1;2017-07-22 21:31:58;https://stackoverflow.com/questions/45260533/typeerror-unhashable-type-on-new-computer-but-not-old;python, numpy;
scikit-learn/scikit-learn;65;49944878;Tkinter Callback Exception: matplotlib animation;True;2;2018-04-20 12:18:00;https://stackoverflow.com/questions/49944878/tkinter-callback-exception-matplotlib-animation;python, matplotlib, tkinter, pyserial;
scikit-learn/scikit-learn;65;60899535;“rasa x&quot; returns AttributeError;False;1;2020-03-28 06:46:44;https://stackoverflow.com/questions/60899535/rasa-x-returns-attributeerror;python, tensorflow2.0, rasa-nlu, rasa, rasa-x;
scikit-learn/scikit-learn;65;63640881;AttributeError: module &#39;django.db.models&#39; has no attribute &#39;JSONField&#39;;False;2;2020-08-28 18:08:11;https://stackoverflow.com/questions/63640881/attributeerror-module-django-db-models-has-no-attribute-jsonfield;azure, gunicorn, django-jsonfield, django-3.1, oryx;
scikit-learn/scikit-learn;65;36961323;Build errors when installing via setup.py;False;0;2016-04-30 20:26:19;https://stackoverflow.com/questions/36961323/build-errors-when-installing-via-setup-py;python, ubuntu, pip;
scikit-learn/scikit-learn;65;37615222;Evaluation of an Regression Model with r&#178;;False;1;2016-06-03 10:06:18;https://stackoverflow.com/questions/37615222/evaluation-of-an-regression-model-with-r%c2%b2;python, machine-learning, nlp, scikit-learn, regression;
scikit-learn/scikit-learn;65;40667363;python - Transform data to numpy array for sklearn;True;1;2016-11-17 21:15:38;https://stackoverflow.com/questions/40667363/python-transform-data-to-numpy-array-for-sklearn;python, numpy, scikit-learn;
scikit-learn/scikit-learn;65;50842083;Openshift successfully download and collect but fails to build;False;0;2018-06-13 13:27:48;https://stackoverflow.com/questions/50842083/openshift-successfully-download-and-collect-but-fails-to-build;python, openshift;
scikit-learn/scikit-learn;65;51064366;Can&#39;t run MLflow web-based user interface;True;1;2018-06-27 10:42:34;https://stackoverflow.com/questions/51064366/cant-run-mlflow-web-based-user-interface;python, python-3.x, pip, mlflow;
scikit-learn/scikit-learn;65;52861108;Count python list duplicates based on function;False;0;2018-10-17 15:07:26;https://stackoverflow.com/questions/52861108/count-python-list-duplicates-based-on-function;python, string, list, dictionary, duplicates;
scikit-learn/scikit-learn;65;54814939;Dockerfile-dev vs Dockerdev-prod;False;0;2019-02-21 16:37:32;https://stackoverflow.com/questions/54814939/dockerfile-dev-vs-dockerdev-prod;docker, docker-compose, dockerfile, docker-machine;
scikit-learn/scikit-learn;65;55459174;Cannot reload sklearn after install new version;False;1;2019-04-01 12:57:49;https://stackoverflow.com/questions/55459174/cannot-reload-sklearn-after-install-new-version;python, scikit-learn;
scikit-learn/scikit-learn;65;59063793;AzureML Deployment with existing keras model (Computer Vision);False;0;2019-11-27 02:47:57;https://stackoverflow.com/questions/59063793/azureml-deployment-with-existing-keras-model-computer-vision;azure, deep-learning;
scikit-learn/scikit-learn;65;60926036;java.io.EOFException when calling pyspark.sql.GroupedData.apply();False;0;2020-03-30 04:42:48;https://stackoverflow.com/questions/60926036/java-io-eofexception-when-calling-pyspark-sql-groupeddata-apply;python, apache-spark, pyspark;
scikit-learn/scikit-learn;65;61464287;How to implement random search optimization for a MLPClassifier?;True;1;2020-04-27 14:02:59;https://stackoverflow.com/questions/61464287/how-to-implement-random-search-optimization-for-a-mlpclassifier;python, machine-learning, scikit-learn;
scikit-learn/scikit-learn;65;64639851;Failing to start FastAPI server, error in asyncpg;False;0;2020-11-02 01:37:44;https://stackoverflow.com/questions/64639851/failing-to-start-fastapi-server-error-in-asyncpg;docker, python-asyncio, fastapi, asyncpg, tortoise-orm;
scikit-learn/scikit-learn;66;32105302;Dimension reduction with t-SNE;True;1;2015-08-19 17:42:37;https://stackoverflow.com/questions/32105302/dimension-reduction-with-t-sne;python, scikit-learn;
scikit-learn/scikit-learn;66;30547931;Package (Python PIL/Pillow) installed but I can&#39;t import it;True;3;2015-05-30 12:29:01;https://stackoverflow.com/questions/30547931/package-python-pil-pillow-installed-but-i-cant-import-it;python, package, pip, packages, pillow;
scikit-learn/scikit-learn;66;35440072;Jupyter Notebook load_ext signature;True;2;2016-02-16 15:14:04;https://stackoverflow.com/questions/35440072/jupyter-notebook-load-ext-signature;python, import, jupyter-notebook;
scikit-learn/scikit-learn;66;55629795;KeyError: &#39;collectstatic&#39; When deploying the Django application to pythonanywhere;True;2;2019-04-11 07:01:06;https://stackoverflow.com/questions/55629795/keyerror-collectstatic-when-deploying-the-django-application-to-pythonanywher;django, pythonanywhere;
scikit-learn/scikit-learn;66;46622227;How can I install Dlib in a Heroku python web app using requirements.txt?;False;2;2017-10-07 12:58:55;https://stackoverflow.com/questions/46622227/how-can-i-install-dlib-in-a-heroku-python-web-app-using-requirements-txt;python, opencv, heroku, boost, dlib;
scikit-learn/scikit-learn;66;38966075;How to restrict anaconda from upgrading the module being installed if its a higher level dependency;False;1;2016-08-16 00:11:39;https://stackoverflow.com/questions/38966075/how-to-restrict-anaconda-from-upgrading-the-module-being-installed-if-its-a-high;python, linux, python-2.7, anaconda, continuum;
scikit-learn/scikit-learn;66;57844233;UnsatisfiableError: The following specifications were found to be incompatible with each other:;True;1;2019-09-08 14:27:55;https://stackoverflow.com/questions/57844233/unsatisfiableerror-the-following-specifications-were-found-to-be-incompatible-w;anaconda, conda;
scikit-learn/scikit-learn;66;33161331;Requirements.txt invalid with conda/pip on elastic beanstalk;True;1;2015-10-15 22:54:01;https://stackoverflow.com/questions/33161331/requirements-txt-invalid-with-conda-pip-on-elastic-beanstalk;python, amazon-web-services;
scikit-learn/scikit-learn;66;59177264;creating endpoint for scikit learn model in AWS Sagemaker;False;1;2019-12-04 10:33:48;https://stackoverflow.com/questions/59177264/creating-endpoint-for-scikit-learn-model-in-aws-sagemaker;python, amazon-web-services, amazon-s3, scikit-learn, amazon-sagemaker;
scikit-learn/scikit-learn;66;47515255;Importing osgeo library in python fails;False;1;2017-11-27 13:11:33;https://stackoverflow.com/questions/47515255/importing-osgeo-library-in-python-fails;python, docker, conda, poppler, osgeo;
scikit-learn/scikit-learn;66;35133725;Finding out class from predict_proba?;False;1;2016-02-01 12:01:18;https://stackoverflow.com/questions/35133725/finding-out-class-from-predict-proba;python, scikit-learn;
scikit-learn/scikit-learn;66;64639851;Failing to start FastAPI server, error in asyncpg;False;0;2020-11-02 01:37:44;https://stackoverflow.com/questions/64639851/failing-to-start-fastapi-server-error-in-asyncpg;docker, python-asyncio, fastapi, asyncpg, tortoise-orm;
scikit-learn/scikit-learn;66;54814939;Dockerfile-dev vs Dockerdev-prod;False;0;2019-02-21 16:37:32;https://stackoverflow.com/questions/54814939/dockerfile-dev-vs-dockerdev-prod;docker, docker-compose, dockerfile, docker-machine;
scikit-learn/scikit-learn;66;59063793;AzureML Deployment with existing keras model (Computer Vision);False;0;2019-11-27 02:47:57;https://stackoverflow.com/questions/59063793/azureml-deployment-with-existing-keras-model-computer-vision;azure, deep-learning;
scikit-learn/scikit-learn;66;61464287;How to implement random search optimization for a MLPClassifier?;True;1;2020-04-27 14:02:59;https://stackoverflow.com/questions/61464287/how-to-implement-random-search-optimization-for-a-mlpclassifier;python, machine-learning, scikit-learn;
scikit-learn/scikit-learn;66;64663559;Colab failing to build environment from requirements.txt;False;0;2020-11-03 10:14:49;https://stackoverflow.com/questions/64663559/colab-failing-to-build-environment-from-requirements-txt;python, pip, google-colaboratory, requirements.txt;
scikit-learn/scikit-learn;66;63802563;Updating scikit-learn: &#39;SVC&#39; object has no attribute &#39;_probA&#39;?;True;1;2020-09-08 19:54:08;https://stackoverflow.com/questions/63802563/updating-scikit-learn-svc-object-has-no-attribute-proba;python, scikit-learn;
scikit-learn/scikit-learn;66;60687499;Command to update anaconda downgrade anaconda;False;0;2020-03-14 18:32:54;https://stackoverflow.com/questions/60687499/command-to-update-anaconda-downgrade-anaconda;python, anaconda, conda;
scikit-learn/scikit-learn;66;56510280;Pip install scikit-learn fails in virtualenv on Debian - Raspberry PI - Failed to build scikit-learn;True;1;2019-06-08 18:29:04;https://stackoverflow.com/questions/56510280/pip-install-scikit-learn-fails-in-virtualenv-on-debian-raspberry-pi-failed-t;python-3.x, scikit-learn, pip, virtualenv, raspberry-pi3;
scikit-learn/scikit-learn;66;53868734;Random Forest and Imbalance;False;0;2018-12-20 09:29:22;https://stackoverflow.com/questions/53868734/random-forest-and-imbalance;python, scikit-learn, classification, random-forest;
scikit-learn/scikit-learn;66;50873791;Heroku deployment succes but no module found;True;1;2018-06-15 07:31:28;https://stackoverflow.com/questions/50873791/heroku-deployment-succes-but-no-module-found;django, python-3.x, heroku, deployment;
scikit-learn/scikit-learn;66;47018006;Fitting a Support Vector Classifier in scikit-learn with image data produces error;True;1;2017-10-30 11:41:07;https://stackoverflow.com/questions/47018006/fitting-a-support-vector-classifier-in-scikit-learn-with-image-data-produces-err;machine-learning, scikit-learn, classification, svm, multilabel-classification;
scikit-learn/scikit-learn;66;15059384;Get wrong class prediction in svm when precision and recall is 1.00;False;1;2013-02-24 23:56:01;https://stackoverflow.com/questions/15059384/get-wrong-class-prediction-in-svm-when-precision-and-recall-is-1-00;python, scikit-learn, svm;
scikit-learn/scikit-learn;66;51736120;Own Implementation of Neural Networks in Python heavily under fitting the data;True;1;2018-08-07 19:11:03;https://stackoverflow.com/questions/51736120/own-implementation-of-neural-networks-in-python-heavily-under-fitting-the-data;python, numpy, machine-learning, neural-network, deep-learning;
scikit-learn/scikit-learn;73;32877365;scikit - random forest regressor - AttributeError: &#39;Thread&#39; object has no attribute &#39;_children&#39;;True;1;2015-09-30 20:50:37;https://stackoverflow.com/questions/32877365/scikit-random-forest-regressor-attributeerror-thread-object-has-no-attrib;python, flask, scikit-learn;
scikit-learn/scikit-learn;73;32316328;upgrading sklearn from 0.14.1 to 0.16.1 not working;True;1;2015-08-31 14:03:58;https://stackoverflow.com/questions/32316328/upgrading-sklearn-from-0-14-1-to-0-16-1-not-working;python, scikit-learn;
scikit-learn/scikit-learn;73;61069530;Command &quot;python setup.py egg_info&quot; failed with error code 1 in /tmp/pip-install-xaum7z8f/supervisor/;True;2;2020-04-06 18:52:05;https://stackoverflow.com/questions/61069530/command-python-setup-py-egg-info-failed-with-error-code-1-in-tmp-pip-install;python, django, linux, pip;
scikit-learn/scikit-learn;73;59457071;ContextualVersionConflict when importing guesslang package;False;0;2019-12-23 11:37:14;https://stackoverflow.com/questions/59457071/contextualversionconflict-when-importing-guesslang-package;python, import, python-import, conflicting-libraries;
scikit-learn/scikit-learn;73;57780983;Error when verifying tensorflow installed correctly;True;3;2019-09-04 00:08:11;https://stackoverflow.com/questions/57780983/error-when-verifying-tensorflow-installed-correctly;python-3.x, tensorflow, jupyter-notebook;
scikit-learn/scikit-learn;73;54506400;How to fix &quot;Could not install packages due to an EnvironmentError&quot; error while installing packages using pip where a file METADATA was not found?;False;0;2019-02-03 15:58:40;https://stackoverflow.com/questions/54506400/how-to-fix-could-not-install-packages-due-to-an-environmenterror-error-while-i;python, pip;
scikit-learn/scikit-learn;73;52412165;tensorflow pip and conda clash;True;1;2018-09-19 15:31:20;https://stackoverflow.com/questions/52412165/tensorflow-pip-and-conda-clash;python-3.x, tensorflow, pip, conda;
scikit-learn/scikit-learn;73;47018006;Fitting a Support Vector Classifier in scikit-learn with image data produces error;True;1;2017-10-30 11:41:07;https://stackoverflow.com/questions/47018006/fitting-a-support-vector-classifier-in-scikit-learn-with-image-data-produces-err;machine-learning, scikit-learn, classification, svm, multilabel-classification;
scikit-learn/scikit-learn;73;60687499;Command to update anaconda downgrade anaconda;False;0;2020-03-14 18:32:54;https://stackoverflow.com/questions/60687499/command-to-update-anaconda-downgrade-anaconda;python, anaconda, conda;
scikit-learn/scikit-learn;73;54814939;Dockerfile-dev vs Dockerdev-prod;False;0;2019-02-21 16:37:32;https://stackoverflow.com/questions/54814939/dockerfile-dev-vs-dockerdev-prod;docker, docker-compose, dockerfile, docker-machine;
scikit-learn/scikit-learn;73;64321812;Python Typeerror: All intermediate steps should be transformers and implement fit and transform;True;1;2020-10-12 13:36:23;https://stackoverflow.com/questions/64321812/python-typeerror-all-intermediate-steps-should-be-transformers-and-implement-fi;python, typeerror;
scikit-learn/scikit-learn;73;63440718;Scikit/Tensorflow Cross Validation: Can&#39;t pickle _thread.RLock objects;False;0;2020-08-16 15:43:25;https://stackoverflow.com/questions/63440718/scikit-tensorflow-cross-validation-cant-pickle-thread-rlock-objects;tensorflow, scikit-learn, lstm, recurrent-neural-network, cross-validation;
scikit-learn/scikit-learn;73;62382660;Numpy Error &quot;ValueError: Found array with dim 3. Estimator expected &lt;= 2.&quot;;True;1;2020-06-15 03:37:50;https://stackoverflow.com/questions/62382660/numpy-error-valueerror-found-array-with-dim-3-estimator-expected-2;python, python-3.x, pandas, numpy, scikit-learn;
scikit-learn/scikit-learn;73;59931431;How to properly combine a Keras sequential model with a scikit-learn OneVsRestClassifier multiclass/multilabel strategy;False;0;2020-01-27 09:43:46;https://stackoverflow.com/questions/59931431/how-to-properly-combine-a-keras-sequential-model-with-a-scikit-learn-onevsrestcl;python, tensorflow, machine-learning, keras, scikit-learn;
scikit-learn/scikit-learn;73;59068764;I got an &quot;import beyond top-level package&quot; when trying to import tensorflow;True;1;2019-11-27 08:06:06;https://stackoverflow.com/questions/59068764/i-got-an-import-beyond-top-level-package-when-trying-to-import-tensorflow;tensorflow, keras;
scikit-learn/scikit-learn;73;57082757;How do I create an anaconda configuration file (error parsing .yml file)?;False;0;2019-07-17 16:15:40;https://stackoverflow.com/questions/57082757/how-do-i-create-an-anaconda-configuration-file-error-parsing-yml-file;anaconda, yaml;
scikit-learn/scikit-learn;73;55912838;Unable to install tensorflow on Win10 - ImportError: DLL load failed;True;1;2019-04-29 22:36:25;https://stackoverflow.com/questions/55912838/unable-to-install-tensorflow-on-win10-importerror-dll-load-failed;python, tensorflow, keras, anaconda;
scikit-learn/scikit-learn;75;46010617;Do I use the same Tfidf vocabulary in k-fold cross_validation;True;1;2017-09-02 01:57:38;https://stackoverflow.com/questions/46010617/do-i-use-the-same-tfidf-vocabulary-in-k-fold-cross-validation;python, scikit-learn, cross-validation, tf-idf;
scikit-learn/scikit-learn;75;29873224;Resampling in scikit-learn and/or pandas;True;3;2015-04-26 00:02:35;https://stackoverflow.com/questions/29873224/resampling-in-scikit-learn-and-or-pandas;python, pandas, scikit-learn;
scikit-learn/scikit-learn;75;39066567;Scikit-Learn: Std.Error, p-Value from LinearRegression;False;0;2016-08-21 13:48:43;https://stackoverflow.com/questions/39066567/scikit-learn-std-error-p-value-from-linearregression;python, machine-learning, scikit-learn, linear-regression;
scikit-learn/scikit-learn;75;62622704;AttributeError: module &#39;tensorflow&#39; has no attribute &#39;compat&#39; when loading tf.compat.v1.train.SessionRunHook;True;3;2020-06-28 09:43:11;https://stackoverflow.com/questions/62622704/attributeerror-module-tensorflow-has-no-attribute-compat-when-loading-tf-co;python, tensorflow, python-wheel;
scikit-learn/scikit-learn;75;24737304;sklearn random forest: .oob_score_ too low?;True;1;2014-07-14 10:10:14;https://stackoverflow.com/questions/24737304/sklearn-random-forest-oob-score-too-low;scikit-learn, classification, random-forest, cross-validation;
scikit-learn/scikit-learn;75;38166327;Interpreting the output of SciPy&#39;s hierarchical clustering dendrogram? (maybe found a bug...);True;1;2016-07-02 23:54:01;https://stackoverflow.com/questions/38166327/interpreting-the-output-of-scipys-hierarchical-clustering-dendrogram-maybe-fo;python, machine-learning, scipy, hierarchical-clustering, dendrogram;
scikit-learn/scikit-learn;75;20658519;Random Forest Classification - SciKit vs Weka on prediction with 100 features;True;2;2013-12-18 09:40:44;https://stackoverflow.com/questions/20658519/random-forest-classification-scikit-vs-weka-on-prediction-with-100-features;weka, scikit-learn, random-forest;
scikit-learn/scikit-learn;75;8284456;F1 smaller than both precision and recall in Scikit-learn;True;1;2011-11-27 05:41:15;https://stackoverflow.com/questions/8284456/f1-smaller-than-both-precision-and-recall-in-scikit-learn;python, machine-learning, scikits, scikit-learn;
scikit-learn/scikit-learn;75;60821793;Text Classification with Spacy : going beyond the basics to improve performance;False;0;2020-03-23 18:29:07;https://stackoverflow.com/questions/60821793/text-classification-with-spacy-going-beyond-the-basics-to-improve-performance;nlp, spacy, text-classification, word-embedding, spacy-pytorch-transformers;
scikit-learn/scikit-learn;75;55549806;t-SNE plot has almost a full overlap but classifier cross-validation score is high?;False;0;2019-04-06 10:59:34;https://stackoverflow.com/questions/55549806/t-sne-plot-has-almost-a-full-overlap-but-classifier-cross-validation-score-is-hi;python, machine-learning, scikit-learn, data-visualization, dimensionality-reduction;
scikit-learn/scikit-learn;75;48852524;Understanding scikit-learn GridSearchCV - param tuning and averaging performance metrics;True;1;2018-02-18 11:04:19;https://stackoverflow.com/questions/48852524/understanding-scikit-learn-gridsearchcv-param-tuning-and-averaging-performance;machine-learning, scikit-learn, grid-search;
scikit-learn/scikit-learn;75;45291093;scikit-learn: Convert multi-output decision tree to CoreML model;True;1;2017-07-24 19:30:52;https://stackoverflow.com/questions/45291093/scikit-learn-convert-multi-output-decision-tree-to-coreml-model;python, machine-learning, scikit-learn, coreml, coremltools;
scikit-learn/scikit-learn;75;25443503;sklearn import error. No module named winreg on ubuntu 14.04;True;1;2014-08-22 06:15:18;https://stackoverflow.com/questions/25443503/sklearn-import-error-no-module-named-winreg-on-ubuntu-14-04;python-3.x, import, scikit-learn;
scikit-learn/scikit-learn;75;64413656;When using conda-build, got &#39;conda.exceptions.UnsatisfiableError: The following specifications were found to be incompatible with each other:&#39;;False;0;2020-10-18 10:04:25;https://stackoverflow.com/questions/64413656/when-using-conda-build-got-conda-exceptions-unsatisfiableerror-the-following;python, anaconda, conda;
scikit-learn/scikit-learn;75;51395070;&#39;libpng error: Invalid IHDR data&#39; and cpp:331: error: (-215) size.width&gt;0 &amp;&amp; size.height&gt;0 in function imshow;True;1;2018-07-18 03:35:46;https://stackoverflow.com/questions/51395070/libpng-error-invalid-ihdr-data-and-cpp331-error-215-size-width0-siz;python, python-3.x, keras, raspberry-pi3, cv2;
scikit-learn/scikit-learn;75;42168989;import librosa in google cloud ml;True;1;2017-02-10 18:31:41;https://stackoverflow.com/questions/42168989/import-librosa-in-google-cloud-ml;google-cloud-ml;
scikit-learn/scikit-learn;75;36870011;orange add-ons error Orange3-Text 0.1.9;True;1;2016-04-26 12:56:04;https://stackoverflow.com/questions/36870011/orange-add-ons-error-orange3-text-0-1-9;orange;
scikit-learn/scikit-learn;75;57780983;Error when verifying tensorflow installed correctly;True;3;2019-09-04 00:08:11;https://stackoverflow.com/questions/57780983/error-when-verifying-tensorflow-installed-correctly;python-3.x, tensorflow, jupyter-notebook;
scikit-learn/scikit-learn;75;59457071;ContextualVersionConflict when importing guesslang package;False;0;2019-12-23 11:37:14;https://stackoverflow.com/questions/59457071/contextualversionconflict-when-importing-guesslang-package;python, import, python-import, conflicting-libraries;
scikit-learn/scikit-learn;75;52412165;tensorflow pip and conda clash;True;1;2018-09-19 15:31:20;https://stackoverflow.com/questions/52412165/tensorflow-pip-and-conda-clash;python-3.x, tensorflow, pip, conda;
scikit-learn/scikit-learn;75;60493751;How can I reach 100% CPU utilization when using mutliprocessing?;False;0;2020-03-02 14:21:57;https://stackoverflow.com/questions/60493751/how-can-i-reach-100-cpu-utilization-when-using-mutliprocessing;python, linux, optimization, multiprocessing, cpu-usage;
scikit-learn/scikit-learn;75;54165894;Getting blocked by - ImportError: cannot import name &#39;cross_validation&#39; from &#39;sklearn&#39;;True;1;2019-01-13 00:40:08;https://stackoverflow.com/questions/54165894/getting-blocked-by-importerror-cannot-import-name-cross-validation-from-sk;python, python-3.x;
scikit-learn/scikit-learn;75;51346040;xgboost regression predict same value;True;1;2018-07-15 04:00:04;https://stackoverflow.com/questions/51346040/xgboost-regression-predict-same-value;python, regression, xgboost;
scikit-learn/scikit-learn;75;50216691;How to input Scikit learn MLP classifier with variable length of input data.;True;1;2018-05-07 11:32:19;https://stackoverflow.com/questions/50216691/how-to-input-scikit-learn-mlp-classifier-with-variable-length-of-input-data;python, machine-learning, scikit-learn, neural-network;
scikit-learn/scikit-learn;75;44153628;Handling/displaying extremely large values in Python;True;1;2017-05-24 05:57:36;https://stackoverflow.com/questions/44153628/handling-displaying-extremely-large-values-in-python;python, machine-learning;
scikit-learn/scikit-learn;75;41619431;Can I apply Cross Validation in a Linear Regression model?;True;1;2017-01-12 14:28:33;https://stackoverflow.com/questions/41619431/can-i-apply-cross-validation-in-a-linear-regression-model;python, scikit-learn, linear-regression;
scikit-learn/scikit-learn;75;40413168;Difficulties installing Theano on 64-bit Windows 10 System, Python 3;True;2;2016-11-03 20:54:36;https://stackoverflow.com/questions/40413168/difficulties-installing-theano-on-64-bit-windows-10-system-python-3;python-3.x, gcc, anaconda, theano, mingw-w64;
scikit-learn/scikit-learn;75;38133935;Computing custom function on numpy array results in UnpicklingError: NEWOBJ class argument has NULL tp_new;True;2;2016-06-30 18:59:35;https://stackoverflow.com/questions/38133935/computing-custom-function-on-numpy-array-results-in-unpicklingerror-newobj-clas;python, numpy, apache-spark, scipy, pyspark;
scikit-learn/scikit-learn;75;36410354;Scikit grid search on specific data set instead of randomized data;False;0;2016-04-04 15:39:39;https://stackoverflow.com/questions/36410354/scikit-grid-search-on-specific-data-set-instead-of-randomized-data;python, scikit-learn, cross-validation, grid-search;
scikit-learn/scikit-learn;75;31119823;reducing FP rate scikit-learn random forest;True;1;2015-06-29 12:36:18;https://stackoverflow.com/questions/31119823/reducing-fp-rate-scikit-learn-random-forest;machine-learning, scikit-learn, random-forest;
